if exists(select * from sys.databases where name = 'DB_HRMS')
    DROP database DB_HRMS
GO
CREATE DATABASE DB_HRMS
GO
USE DB_HRMS
GO
CREATE TABLE AUDIT_LOG (
	LOG_ID INT NOT NULL DEFAULT 0,
	LOG_TABLE nvarchar(30) NOT NULL DEFAULT '',
	LOG_USER INT NOT NULL DEFAULT 0,
	LOG_DATE  datetime not null default GETDATE(),
	LOG_DESC NTEXT null	,
	WORKSTATION_ID nvarchar(30) NOT NULL DEFAULT '',
	ORG_ID INT NOT NULL DEFAULT 0
)
go
CREATE INDEX IX_AUDIT_LOG on AUDIT_LOG (LOG_ID,LOG_TABLE) 
GO
CREATE TABLE ORGANIZATION (
	ORG_ID INT IDENTITY (0,1)  ,
	ORG_CODE nvarchar(10) NOT NULL DEFAULT '',
	ORG_OPTIONS ntext null,
	WORKSTATION_ID nvarchar (30) NOT NULL DEFAULT '',
	MODIFY_BY INT NOT NULL DEFAULT 0,
	MODIFY_DATE datetime NOT NULL DEFAULT GETDATE(),
	CREATE_BY INT NOT NULL DEFAULT 0,
	CREATE_DATE datetime NOT NULL DEFAULT GETDATE(),
	CONSTRAINT PK_ORGANIZATION PRIMARY KEY (ORG_ID)
)
GO
CREATE INDEX IX_ORGANIZATION on ORGANIZATION (ORG_CODE) 
GO
insert into ORGANIZATION (ORG_CODE,ORG_OPTIONS) values('DC','<?xml version="1.0" encoding="utf-8"?><configuration><contact><name1>Default Company</name1><name2></name2><address1></address1><address2></address2><address3></address3><address4></address4><address5></address5><telno></telno><faxno></faxno><email></email><website></website></contact><setting><failcount>3</failcount><refno></refno><license></license></setting></configuration>')
go
CREATE TABLE USERS (
	USER_ID INT IDENTITY(1,1),
	USER_NAME nvarchar(20) NOT NULL DEFAULT '',
	USER_FULL_NAME nvarchar(50) NOT NULL DEFAULT '',
	USER_GROUP INT NOT NULL DEFAULT '',
	USER_EMAIL nvarchar(80) NOT NULL DEFAULT '',
	USER_PWD1 nvarchar(40) NOT NULL DEFAULT '',
	USER_PWD2 nvarchar(40) NOT NULL DEFAULT '',
	USER_LAST_LOGIN datetime NOT NULL DEFAULT GETDATE(),
	USER_START_DATE datetime NOT NULL DEFAULT GETDATE(),
	USER_EXPIRY_DATE datetime NOT NULL DEFAULT GETDATE(),
	USER_CHANGE_PWD bit NOT NULL DEFAULT 0,
	USER_FAIL_COUNT TINYINT NOT NULL DEFAULT 0,
	USER_COMMENTS ntext NULL,
	USER_EMP_ID INT NOT NULL DEFAULT 0,
	BLOCKED bit NOT NULL DEFAULT 0,
	ORG_ID INT NOT NULL DEFAULT 0,
	WORKSTATION_ID nvarchar(30) NOT NULL DEFAULT '',
	MODIFY_BY INT NOT NULL DEFAULT 0,
	MODIFY_DATE datetime NOT NULL DEFAULT GETDATE(),
	CREATE_BY INT NOT NULL DEFAULT 0,
	CREATE_DATE datetime NOT NULL DEFAULT GETDATE(),
	CONSTRAINT PK_USERS PRIMARY KEY ([USER_ID])
)
GO
CREATE INDEX IX_USERS on USERS (ORG_ID,USER_NAME) 
GO
INSERT INTO USERS (USER_NAME,USER_FULL_NAME,USER_GROUP,USER_START_DATE,USER_EXPIRY_DATE,USER_LAST_LOGIN,ORG_ID,USER_PWD1,USER_PWD2,USER_COMMENTS) VALUES ('admin','administrator',1,'2000-1-1','2999-12-31 23:59:59','1969-12-31 23:59:59',0,'b5ca39df335d882848b409bc221ac465','f210389b91d7a02088b363173a7390949267aa53','')
go
CREATE TABLE USER_GROUP (
	GROUP_ID INT IDENTITY(1,1),
	GROUP_DESC nvarchar(30) NOT NULL DEFAULT '',
	GROUP_RIGHTS NTEXT NULL,
	BLOCKED bit NOT NULL DEFAULT 0,
	ORG_ID INT NOT NULL DEFAULT 0,
	WORKSTATION_ID nvarchar(30) NOT NULL DEFAULT '',
	MODIFY_BY INT NOT NULL DEFAULT 0,
	MODIFY_DATE datetime NOT NULL DEFAULT GETDATE(),
	CREATE_BY INT NOT NULL DEFAULT 0,
	CREATE_DATE datetime NOT NULL DEFAULT GETDATE(),
	CONSTRAINT PK_USER_GROUP PRIMARY KEY (GROUP_ID)
)
GO
insert into USER_GROUP (GROUP_DESC,GROUP_RIGHTS) values('Administrator','620bba6f46f6f80ffb5d7fb0837065e764970383b3a97bfa18ac60dee607bf6232064ddcdf5540dd4aca4fc46b8c39e9a92017a8dfbde278c7d358f2e341fbf4')
CREATE TABLE COMPANY (
	COY_ID INT IDENTITY (1,1),
	COY_DESC NVARCHAR(60) NOT NULL DEFAULT '',
	COY_OPTIONS ntext NULL,
	ORG_ID INT NOT NULL DEFAULT 0,
	WORKSTATION_ID nvarchar (30) NOT NULL DEFAULT '',
	MODIFY_BY INT NOT NULL DEFAULT 0,
	MODIFY_DATE datetime NOT NULL DEFAULT GETDATE(),
	CREATE_BY INT NOT NULL DEFAULT 0,
	CREATE_DATE datetime NOT NULL DEFAULT GETDATE(),
	CONSTRAINT PK_COMPANY PRIMARY KEY (COY_ID)
)
GO
CREATE TABLE DEPARTMENT (
	DEPT_ID INT IDENTITY (1,1)  ,
	DEPT_DESC nvarchar(30) NOT NULL DEFAULT '',
	DEPT_REF nvarchar(20) NOT NULL DEFAULT '',
	ORG_ID INT NOT NULL DEFAULT 0,
	COY_ID INT NOT NULL DEFAULT 0,
	WORKSTATION_ID nvarchar (30) NOT NULL DEFAULT '',
	MODIFY_BY INT NOT NULL DEFAULT 0,
	MODIFY_DATE datetime NOT NULL DEFAULT GETDATE(),
	CREATE_BY INT NOT NULL DEFAULT 0,
	CREATE_DATE datetime NOT NULL DEFAULT GETDATE(),
	CONSTRAINT PK_DEPARTMENT PRIMARY KEY (DEPT_ID)
)
GO
CREATE TABLE EMPLOYEE_TYPE (
	TYPE_ID INT IDENTITY(1,1),
	TYPE_DESC nvarchar(30) NOT NULL DEFAULT '',
	TYPE_REF nvarchar(20) NOT NULL DEFAULT '',
	BLOCKED bit NOT NULL DEFAULT 0,
	ORG_ID INT NOT NULL DEFAULT 0,
	COY_ID INT NOT NULL DEFAULT 0,
	WORKSTATION_ID nvarchar(30) NOT NULL DEFAULT '',
	MODIFY_BY INT NOT NULL DEFAULT 0,
	MODIFY_DATE datetime NOT NULL DEFAULT GETDATE(),
	CREATE_BY INT NOT NULL DEFAULT 0,
	CREATE_DATE datetime NOT NULL DEFAULT GETDATE(),
	CONSTRAINT PK_EMPLOYEE_TYPE PRIMARY KEY ([TYPE_ID])
)
GO
CREATE TABLE EMPLOYEE (
	EMP_ID INT IDENTITY(1,1),
	EMP_CODE nvarchar(20) NOT NULL DEFAULT '',
	EMP_NAME nvarchar(50) NOT NULL DEFAULT '',
	EMP_TYPE INT NOT NULL DEFAULT 0,
	EMP_EMAIL nvarchar(80) NOT NULL DEFAULT '',
	EMP_DEPT INT NOT NULL DEFAULT 0,
	EMP_DOB datetime NOT NULL DEFAULT GETDATE(),
	EMP_JOIN_DATE datetime NOT NULL DEFAULT GETDATE(),
	EMP_RESIGN_DATE datetime NOT NULL DEFAULT GETDATE(),
	EMP_NATIONALITY int NOT NULL DEFAULT 0,
	EMP_RACE INT NOT NULL DEFAULT 0,
	EMP_GENDER nvarchar(1) NOT NULL DEFAULT '',
	EMP_MARITAL TINYINT NOT NULL DEFAULT 0,
	EMP_ID_NO nvarchar(30) NOT NULL DEFAULT '',
	EMP_ID_TYPE nvarchar(1) NOT NULL DEFAULT '',
	EMP_COMMENTS ntext NULL,
	EMP_PHOTO ntext NULL,
	EMP_REF nvarchar(20) NOT NULL DEFAULT '',
	EMP_JOB_TITLE INT NOT NULL DEFAULT 0,
	EMP_WORK_PERMIT INT NOT NULL DEFAULT 0,
	EMP_USER_ID INT NOT NULL DEFAULT 0,
	BLOCKED bit NOT NULL DEFAULT 0,
	COY_ID INT NOT NULL DEFAULT 0,
	ORG_ID INT NOT NULL DEFAULT 0,
	WORKSTATION_ID nvarchar(30) NOT NULL DEFAULT '',
	MODIFY_BY INT NOT NULL DEFAULT 0,
	MODIFY_DATE datetime NOT NULL DEFAULT GETDATE(),
	CREATE_BY INT NOT NULL DEFAULT 0,
	CREATE_DATE datetime NOT NULL DEFAULT GETDATE(),
	CONSTRAINT PK_EMPLOYEE PRIMARY KEY (EMP_ID)
)
GO
CREATE TABLE EMPLOYEE_PAY (
	PAY_EMP_ID INT NOT NULL DEFAULT 0,
	PAY_FUND_LEVY nvarchar(10) NOT NULL DEFAULT '0000000000',
	PAY_VALUE decimal(18,4) NOT NULL DEFAULT 0,
	PAY_START DATETIME NOT NULL DEFAULT GETDATE(),
	PAY_END DATETIME NOT NULL DEFAULT GETDATE(),
	PAY_METHOD INT NOT NULL DEFAULT 0,
	PAY_BANK INT NOT NULL DEFAULT 0,
	PAY_BANK_ACCT nvarchar(30) NOT NULL DEFAULT '',
	PAY_CPF_TYPE int not null default 0,
	PAY_CPF_NO  nvarchar(20) not null default '',
	ORG_ID INT NOT NULL DEFAULT 0,
	COY_ID INT NOT NULL DEFAULT 0,
	WORKSTATION_ID nvarchar(30) NOT NULL DEFAULT '',
	MODIFY_BY INT NOT NULL DEFAULT 0,
	MODIFY_DATE datetime NOT NULL DEFAULT GETDATE(),
	CONSTRAINT PK_EMPLOYEE_PAY PRIMARY KEY (PAY_EMP_ID)
)
GO
CREATE TABLE EMPLOYEE_PAY_TYPE (
	PAY_EMP_ID INT NOT NULL DEFAULT 0,
	PAY_VALUE decimal(18,4) NOT NULL DEFAULT 0,
	PAY_TYPE INT NOT NULL DEFAULT 0,
	ORG_ID INT NOT NULL DEFAULT 0,
	COY_ID INT NOT NULL DEFAULT 0
)
CREATE INDEX IX_EMPLOYEE_PAY_TYPE on EMPLOYEE_PAY_TYPE (PAY_EMP_ID) 
GO
CREATE TABLE CONTACTINFO (
	CONT_CODE nvarchar(80) NOT NULL DEFAULT '',
	CONT_ID INT NOT NULL DEFAULT 0,
	CONT_TYPE TINYINT NOT NULL DEFAULT 0,
	CONT_ADDR1 nvarchar(40) NOT NULL DEFAULT '',
	CONT_ADDR2 nvarchar(40) NOT NULL DEFAULT '',
	CONT_ADDR3 nvarchar(40) NOT NULL DEFAULT '',
	CONT_ADDR4 nvarchar(40) NOT NULL DEFAULT '',
	CONT_ADDR5 nvarchar(40) NOT NULL DEFAULT '',
	CONT_POSTAL nvarchar(20) NOT NULL DEFAULT '',
	CONT_TEL nvarchar(20) NOT NULL DEFAULT '',
	CONT_FAX nvarchar(20) NOT NULL DEFAULT '',
	CONT_MOBILE nvarchar(20) NOT NULL DEFAULT '',
	CONT_EMAIL nvarchar(250) NOT NULL DEFAULT '',
	CONT_WEB nvarchar(250) NOT NULL DEFAULT '',
	CONT_COUNTRY INT NOT NULL DEFAULT 0,
	ORG_ID INT NOT NULL DEFAULT 0,
	COY_ID INT NOT NULL DEFAULT 0
)
GO
CREATE INDEX IX_CONTACTINFO on CONTACTINFO (COY_ID,CONT_CODE,CONT_ID) 
GO
CREATE TABLE NATIONALITY (
	NAT_ID INT IDENTITY(1,1),
	NAT_DESC nvarchar(30) NOT NULL DEFAULT '',
	NAT_REF nvarchar(10) NOT NULL DEFAULT '',
	BLOCKED bit NOT NULL DEFAULT 0,
	ORG_ID INT NOT NULL DEFAULT 0,
	COY_ID INT NOT NULL DEFAULT 0,
	WORKSTATION_ID nvarchar(30) NOT NULL DEFAULT '',
	MODIFY_BY INT NOT NULL DEFAULT 0,
	MODIFY_DATE datetime NOT NULL DEFAULT GETDATE(),
	CREATE_BY INT NOT NULL DEFAULT 0,
	CREATE_DATE datetime NOT NULL DEFAULT GETDATE(),
	CONSTRAINT PK_NATIONALITY PRIMARY KEY (NAT_ID)
)
GO
insert into NATIONALITY (NAT_DESC,NAT_REF) values('Singapore Citizen','301')
go
insert into NATIONALITY (NAT_DESC,NAT_REF) values('Permanent Resident','300')
go
insert into NATIONALITY (NAT_DESC,NAT_REF) values('Indonesian','303')
go
insert into NATIONALITY (NAT_DESC,NAT_REF) values('Malaysian','304')
go
insert into NATIONALITY (NAT_DESC,NAT_REF) values('Filipino','305')
go
insert into NATIONALITY (NAT_DESC,NAT_REF) values('Thai','306')
go
insert into NATIONALITY (NAT_DESC,NAT_REF) values('Japanese','331')
go
insert into NATIONALITY (NAT_DESC,NAT_REF) values('Taiwanese','334')
go
insert into NATIONALITY (NAT_DESC,NAT_REF) values('Chinese (China)','336')
go
insert into NATIONALITY (NAT_DESC,NAT_REF) values('British','110')
go
insert into NATIONALITY (NAT_DESC,NAT_REF) values('American','503')
go
insert into NATIONALITY (NAT_DESC,NAT_REF) values('Australian','701')
go
insert into NATIONALITY (NAT_DESC,NAT_REF) values('New Zealander','705')
go
insert into NATIONALITY (NAT_DESC,NAT_REF) values('Indian','354')
go
insert into NATIONALITY (NAT_DESC,NAT_REF) values('Vietnamese','314')
go
insert into NATIONALITY (NAT_DESC,NAT_REF) values('Hong Kong','332')
go
insert into NATIONALITY (NAT_DESC,NAT_REF) values('Sri Lankan','358')
go
insert into NATIONALITY (NAT_DESC,NAT_REF) values('Korean, South','333')
go
CREATE TABLE COUNTRY (
	COUNTRY_ID INT IDENTITY(1,1),
	COUNTRY_DESC nvarchar(30) NOT NULL DEFAULT '',
	COUNTRY_REF nvarchar(10) NOT NULL DEFAULT '',
	BLOCKED bit NOT NULL DEFAULT 0,
	ORG_ID INT NOT NULL DEFAULT 0,
	COY_ID INT NOT NULL DEFAULT 0,
	WORKSTATION_ID nvarchar(30) NOT NULL DEFAULT '',
	MODIFY_BY INT NOT NULL DEFAULT 0,
	MODIFY_DATE datetime NOT NULL DEFAULT GETDATE(),
	CREATE_BY INT NOT NULL DEFAULT 0,
	CREATE_DATE datetime NOT NULL DEFAULT GETDATE(),
	CONSTRAINT PK_COUNTRY PRIMARY KEY (COUNTRY_ID)
)
GO
insert into COUNTRY (COUNTRY_DESC,COUNTRY_REF) values('Indonesia','303')
go
insert into COUNTRY (COUNTRY_DESC,COUNTRY_REF) values('Malaysia','304')
go
insert into COUNTRY (COUNTRY_DESC,COUNTRY_REF) values('Philippines','305')
go
insert into COUNTRY (COUNTRY_DESC,COUNTRY_REF) values('Thailand','306')
go
insert into COUNTRY (COUNTRY_DESC,COUNTRY_REF) values('Japan','331')
go
insert into COUNTRY (COUNTRY_DESC,COUNTRY_REF) values('Taiwan','334')
go
insert into COUNTRY (COUNTRY_DESC,COUNTRY_REF) values('China','336')
go
insert into COUNTRY (COUNTRY_DESC,COUNTRY_REF) values('United Kingdom','110')
go
insert into COUNTRY (COUNTRY_DESC,COUNTRY_REF) values('United States of America','503')
go
insert into COUNTRY (COUNTRY_DESC,COUNTRY_REF) values('Australia','701')
go
insert into COUNTRY (COUNTRY_DESC,COUNTRY_REF) values('New Zealand','705')
go
insert into COUNTRY (COUNTRY_DESC,COUNTRY_REF) values('Hong Kong','332')
go
insert into COUNTRY (COUNTRY_DESC,COUNTRY_REF) values('South Korea','333')
go
insert into COUNTRY (COUNTRY_DESC,COUNTRY_REF) values('Vietnam','314')
go
insert into COUNTRY (COUNTRY_DESC,COUNTRY_REF) values('India','354')
go
insert into COUNTRY (COUNTRY_DESC,COUNTRY_REF) values('Sri Lanka','358')
go
CREATE TABLE EDUCATION (
	EDU_ID INT IDENTITY(1,1),
	EDU_DESC nvarchar(30) NOT NULL DEFAULT '',
	BLOCKED bit NOT NULL DEFAULT 0,
	COY_ID INT NOT NULL DEFAULT 0,
	ORG_ID INT NOT NULL DEFAULT 0,
	WORKSTATION_ID nvarchar(30) NOT NULL DEFAULT '',
	MODIFY_BY INT NOT NULL DEFAULT 0,
	MODIFY_DATE datetime NOT NULL DEFAULT GETDATE(),
	CREATE_BY INT NOT NULL DEFAULT 0,
	CREATE_DATE datetime NOT NULL DEFAULT GETDATE(),
	CONSTRAINT PK_EDUCATION PRIMARY KEY (EDU_ID)
)
GO
CREATE TABLE JOB_TITLE (
	JOB_ID INT IDENTITY(1,1),
	JOB_DESC nvarchar(30) NOT NULL DEFAULT '',
	BLOCKED bit NOT NULL DEFAULT 0,
	COY_ID INT NOT NULL DEFAULT 0,
	ORG_ID INT NOT NULL DEFAULT 0,
	WORKSTATION_ID nvarchar(30) NOT NULL DEFAULT '',
	MODIFY_BY INT NOT NULL DEFAULT 0,
	MODIFY_DATE datetime NOT NULL DEFAULT GETDATE(),
	CREATE_BY INT NOT NULL DEFAULT 0,
	CREATE_DATE datetime NOT NULL DEFAULT GETDATE(),
	CONSTRAINT PK_JOB_TITLE PRIMARY KEY (JOB_ID)
)
GO
CREATE TABLE PAY_TYPE (
	PAY_ID INT IDENTITY(1,1),
	PAY_DESC nvarchar(30) NOT NULL DEFAULT '',
	PAY_TAX_TYPE tinyint NOT NULL DEFAULT 1,
	PAY_WAGE_TYPE tinyint NOT NULL DEFAULT 0,
	PAY_REF nvarchar(20) NOT NULL DEFAULT '',
	PAY_TEXT nvarchar(30) NOT NULL DEFAULT '',
	PAY_INCOME_TYPE tinyint NOT NULL DEFAULT 0,
	BLOCKED bit NOT NULL DEFAULT 0,
	COY_ID INT NOT NULL DEFAULT 0,
	ORG_ID INT NOT NULL DEFAULT 0,
	WORKSTATION_ID nvarchar(30) NOT NULL DEFAULT '',
	MODIFY_BY INT NOT NULL DEFAULT 0,
	MODIFY_DATE datetime NOT NULL DEFAULT GETDATE(),
	CREATE_BY INT NOT NULL DEFAULT 0,
	CREATE_DATE datetime NOT NULL DEFAULT GETDATE(),
	CONSTRAINT PK_PAY_TYPE PRIMARY KEY (PAY_ID)
)
GO

CREATE TABLE CPF_TYPE (
	CPF_ID INT IDENTITY(1,1),
	CPF_DESC nvarchar(30) NOT NULL DEFAULT '',
	CPF_OW_CEILING decimal(18,4) not null default 0,
	CPF_AW_CEILING DECIMAL(18,4) NOT NULL DEFAULT 0,
	BLOCKED bit NOT NULL DEFAULT 0,
	COY_ID INT NOT NULL DEFAULT 0,
	ORG_ID INT NOT NULL DEFAULT 0,
	WORKSTATION_ID nvarchar(30) NOT NULL DEFAULT '',
	MODIFY_BY INT NOT NULL DEFAULT 0,
	MODIFY_DATE datetime NOT NULL DEFAULT GETDATE(),
	CREATE_BY INT NOT NULL DEFAULT 0,
	CREATE_DATE datetime NOT NULL DEFAULT GETDATE(),
	CONSTRAINT PK_CPF_TYPE PRIMARY KEY (CPF_ID)
)
GO
insert into CPF_TYPE (CPF_DESC,CPF_OW_CEILING,CPF_AW_CEILING,ORG_ID) VALUES ('Singapore Citizens',5000,85000,0) 
go
insert into CPF_TYPE (CPF_DESC,CPF_OW_CEILING,CPF_AW_CEILING,ORG_ID) VALUES ('Permanent Residents Year 1',5000,85000,0)
go
insert into CPF_TYPE (CPF_DESC,CPF_OW_CEILING,CPF_AW_CEILING,ORG_ID) VALUES ('Permanent Residents Year 2',5000,85000,0)
go
CREATE TABLE CPF_AGE (
	AGE_ID INT NOT NULL DEFAULT 0,
	AGE_DESC nvarchar(30) NOT NULL DEFAULT '',
	AGE_FROM int NOT NULL DEFAULT 0,
	AGE_TO INT NOT NULL DEFAULT 0,
	BLOCKED bit NOT NULL DEFAULT 0,
	COY_ID INT NOT NULL DEFAULT 0,
	ORG_ID INT NOT NULL DEFAULT 0,
	WORKSTATION_ID nvarchar(30) NOT NULL DEFAULT '',
	MODIFY_BY INT NOT NULL DEFAULT 0,
	MODIFY_DATE datetime NOT NULL DEFAULT GETDATE(),
	CREATE_BY INT NOT NULL DEFAULT 0,
	CREATE_DATE datetime NOT NULL DEFAULT GETDATE(),
	CONSTRAINT PK_CPF_AGE PRIMARY KEY (AGE_ID)
)
GO
insert into CPF_AGE (AGE_ID,AGE_DESC,AGE_FROM,AGE_TO,ORG_ID) VALUES (1,'35 and Below',0,35,0)
go
insert into CPF_AGE (AGE_ID,AGE_DESC,AGE_FROM,AGE_TO,ORG_ID) VALUES (2,'36 to 50',36,50,0)
GO
insert into CPF_AGE (AGE_ID,AGE_DESC,AGE_FROM,AGE_TO,ORG_ID) VALUES (3,'51 tO 55',51,55,0)
go
insert into CPF_AGE (AGE_ID,AGE_DESC,AGE_FROM,AGE_TO,ORG_ID) VALUES (4,'56 tO 60',56,60,0)
go
insert into CPF_AGE (AGE_ID,AGE_DESC,AGE_FROM,AGE_TO,ORG_ID) VALUES (5,'61 tO 65',61,65,0)
go
insert into CPF_AGE (AGE_ID,AGE_DESC,AGE_FROM,AGE_TO,ORG_ID) VALUES (6,'66 and Above',66,9999,0)
go
CREATE TABLE CPF_WAGE (
	WAGE_ID INT NOT NULL DEFAULT 0,
	WAGE_DESC nvarchar(30) NOT NULL DEFAULT '',
	WAGE_FROM decimal(18,4) NOT NULL DEFAULT 0,
	WAGE_TO decimal(18,4) NOT NULL DEFAULT 0,
	BLOCKED bit NOT NULL DEFAULT 0,
	COY_ID INT NOT NULL DEFAULT 0,
	ORG_ID INT NOT NULL DEFAULT 0,
	WORKSTATION_ID nvarchar(30) NOT NULL DEFAULT '',
	MODIFY_BY INT NOT NULL DEFAULT 0,
	MODIFY_DATE datetime NOT NULL DEFAULT GETDATE(),
	CREATE_BY INT NOT NULL DEFAULT 0,
	CREATE_DATE datetime NOT NULL DEFAULT GETDATE(),
	CONSTRAINT PK_CPF_WAGE PRIMARY KEY (WAGE_ID)
)
GO
insert into CPF_WAGE (WAGE_ID,WAGE_DESC,WAGE_FROM,WAGE_TO,ORG_ID) VALUES (1,'$50.00 and Below',0,50,0)
go
insert into CPF_WAGE (WAGE_ID,WAGE_DESC,WAGE_FROM,WAGE_TO,ORG_ID) VALUES (2,'$50.01 to $500.00',50.01,500,0)
go
insert into CPF_WAGE (WAGE_ID,WAGE_DESC,WAGE_FROM,WAGE_TO,ORG_ID) VALUES (3,'$500.01 to $750.00',500.01,750,0)
go
insert into CPF_WAGE (WAGE_ID,WAGE_DESC,WAGE_FROM,WAGE_TO,ORG_ID) VALUES (4,'$750.01 to $1,200.00',750.01,1200,0)
go
insert into CPF_WAGE (WAGE_ID,WAGE_DESC,WAGE_FROM,WAGE_TO,ORG_ID) VALUES (5,'$1,200.01 to $1,500.00',1200.01,1500,0)
go
insert into CPF_WAGE (WAGE_ID,WAGE_DESC,WAGE_FROM,WAGE_TO,ORG_ID) VALUES (6,'Above $1,500.00',1500.01,9999999999.99,0)
go
CREATE TABLE CPF_RATE (
	RATE_TYPE_ID INT NOT NULL DEFAULT 0,
	RATE_EMP_FIX decimal(18,4) NOT NULL DEFAULT 0,
	RATE_EMP_OFFSET decimal(18,4) NOT NULL DEFAULT 0,
	RATE_COY_FIX decimal(18,4) NOT NULL DEFAULT 0,
	RATE_COY_OFFSET decimal(18,4) NOT NULL DEFAULT 0,
	RATE_EMP_CPF decimal(18,4) NOT NULL DEFAULT 0,
	RATE_COY_CPF decimal(18,4) NOT NULL DEFAULT 0,
	RATE_WAGE_ID INT NOT NULL DEFAULT 0,
	RATE_AGE_ID INT NOT NULL DEFAULT 0,
	RATE_END_DATE datetime NOT NULL DEFAULT GETDATE(),
	RATE_START_DATE datetime NOT NULL DEFAULT GETDATE(),
	ORG_ID INT NOT NULL DEFAULT 0
)
GO
CREATE INDEX IX_CPF_RATE on CPF_RATE (RATE_TYPE_ID,RATE_AGE_ID,RATE_WAGE_ID) 
GO
insert into CPF_RATE (RATE_TYPE_ID,RATE_EMP_FIX,RATE_EMP_OFFSET,RATE_COY_FIX,RATE_COY_OFFSET,RATE_EMP_CPF,RATE_COY_CPF,RATE_WAGE_ID,RATE_AGE_ID,RATE_END_DATE,RATE_START_DATE,ORG_ID)
values (1,0,0,0,0,0,0,1,1,'2999-12-31 23:59:59','2000-01-01 00:00:00',0)
go
insert into CPF_RATE (RATE_TYPE_ID,RATE_EMP_FIX,RATE_EMP_OFFSET,RATE_COY_FIX,RATE_COY_OFFSET,RATE_EMP_CPF,RATE_COY_CPF,RATE_WAGE_ID,RATE_AGE_ID,RATE_END_DATE,RATE_START_DATE,ORG_ID)
values (1,0,0,0,0,0,16,2,1,'2999-12-31 23:59:59','2000-01-01 00:00:00',0)
go
insert into CPF_RATE (RATE_TYPE_ID,RATE_EMP_FIX,RATE_EMP_OFFSET,RATE_COY_FIX,RATE_COY_OFFSET,RATE_EMP_CPF,RATE_COY_CPF,RATE_WAGE_ID,RATE_AGE_ID,RATE_END_DATE,RATE_START_DATE,ORG_ID)
values (1,0,500,0,0,48,16,3,1,'2999-12-31 23:59:59','2000-01-01 00:00:00',0)
go
insert into CPF_RATE (RATE_TYPE_ID,RATE_EMP_FIX,RATE_EMP_OFFSET,RATE_COY_FIX,RATE_COY_OFFSET,RATE_EMP_CPF,RATE_COY_CPF,RATE_WAGE_ID,RATE_AGE_ID,RATE_END_DATE,RATE_START_DATE,ORG_ID)
values (1,120,750,0,0,24,16,4,1,'2999-12-31 23:59:59','2000-01-01 00:00:00',0)
go
insert into CPF_RATE (RATE_TYPE_ID,RATE_EMP_FIX,RATE_EMP_OFFSET,RATE_COY_FIX,RATE_COY_OFFSET,RATE_EMP_CPF,RATE_COY_CPF,RATE_WAGE_ID,RATE_AGE_ID,RATE_END_DATE,RATE_START_DATE,ORG_ID)
values (1,120,750,0,0,24,16,5,1,'2999-12-31 23:59:59','2000-01-01 00:00:00',0)
go
insert into CPF_RATE (RATE_TYPE_ID,RATE_EMP_FIX,RATE_EMP_OFFSET,RATE_COY_FIX,RATE_COY_OFFSET,RATE_EMP_CPF,RATE_COY_CPF,RATE_WAGE_ID,RATE_AGE_ID,RATE_END_DATE,RATE_START_DATE,ORG_ID)
values (1,0,0,0,0,20,16,6,1,'2999-12-31 23:59:59','2000-01-01 00:00:00',0)
go
insert into CPF_RATE (RATE_TYPE_ID,RATE_EMP_FIX,RATE_EMP_OFFSET,RATE_COY_FIX,RATE_COY_OFFSET,RATE_EMP_CPF,RATE_COY_CPF,RATE_WAGE_ID,RATE_AGE_ID,RATE_END_DATE,RATE_START_DATE,ORG_ID)
values (1,0,0,0,0,0,0,1,2,'2999-12-31 23:59:59','2000-01-01 00:00:00',0)
go
insert into CPF_RATE (RATE_TYPE_ID,RATE_EMP_FIX,RATE_EMP_OFFSET,RATE_COY_FIX,RATE_COY_OFFSET,RATE_EMP_CPF,RATE_COY_CPF,RATE_WAGE_ID,RATE_AGE_ID,RATE_END_DATE,RATE_START_DATE,ORG_ID)
values (1,0,0,0,50,0,10.63,2,2,'2999-12-31 23:59:59','2000-01-01 00:00:00',0)
go
insert into CPF_RATE (RATE_TYPE_ID,RATE_EMP_FIX,RATE_EMP_OFFSET,RATE_COY_FIX,RATE_COY_OFFSET,RATE_EMP_CPF,RATE_COY_CPF,RATE_WAGE_ID,RATE_AGE_ID,RATE_END_DATE,RATE_START_DATE,ORG_ID)
values (1,0,500,0,50,48,10.63,3,2,'2999-12-31 23:59:59','2000-01-01 00:00:00',0)
go
insert into CPF_RATE (RATE_TYPE_ID,RATE_EMP_FIX,RATE_EMP_OFFSET,RATE_COY_FIX,RATE_COY_OFFSET,RATE_EMP_CPF,RATE_COY_CPF,RATE_WAGE_ID,RATE_AGE_ID,RATE_END_DATE,RATE_START_DATE,ORG_ID)
values (1,120,750,74.475,750,24,21.71,4,2,'2999-12-31 23:59:59','2000-01-01 00:00:00',0)
go
insert into CPF_RATE (RATE_TYPE_ID,RATE_EMP_FIX,RATE_EMP_OFFSET,RATE_COY_FIX,RATE_COY_OFFSET,RATE_EMP_CPF,RATE_COY_CPF,RATE_WAGE_ID,RATE_AGE_ID,RATE_END_DATE,RATE_START_DATE,ORG_ID)
values (1,120,750,172.20,1200,24,22.60,5,2,'2999-12-31 23:59:59','2000-01-01 00:00:00',0)
go
insert into CPF_RATE (RATE_TYPE_ID,RATE_EMP_FIX,RATE_EMP_OFFSET,RATE_COY_FIX,RATE_COY_OFFSET,RATE_EMP_CPF,RATE_COY_CPF,RATE_WAGE_ID,RATE_AGE_ID,RATE_END_DATE,RATE_START_DATE,ORG_ID)
values (1,0,0,0,0,20,16,6,2,'2999-12-31 23:59:59','2000-01-01 00:00:00',0)
go
insert into CPF_RATE (RATE_TYPE_ID,RATE_EMP_FIX,RATE_EMP_OFFSET,RATE_COY_FIX,RATE_COY_OFFSET,RATE_EMP_CPF,RATE_COY_CPF,RATE_WAGE_ID,RATE_AGE_ID,RATE_END_DATE,RATE_START_DATE,ORG_ID)
values (1,0,0,0,0,0,0,1,3,'2999-12-31 23:59:59','2000-01-01 00:00:00',0)
go
insert into CPF_RATE (RATE_TYPE_ID,RATE_EMP_FIX,RATE_EMP_OFFSET,RATE_COY_FIX,RATE_COY_OFFSET,RATE_EMP_CPF,RATE_COY_CPF,RATE_WAGE_ID,RATE_AGE_ID,RATE_END_DATE,RATE_START_DATE,ORG_ID)
values (1,0,0,0,50,0,7.97,2,3,'2999-12-31 23:59:59','2000-01-01 00:00:00',0)
go
insert into CPF_RATE (RATE_TYPE_ID,RATE_EMP_FIX,RATE_EMP_OFFSET,RATE_COY_FIX,RATE_COY_OFFSET,RATE_EMP_CPF,RATE_COY_CPF,RATE_WAGE_ID,RATE_AGE_ID,RATE_END_DATE,RATE_START_DATE,ORG_ID)
values (1,0,500,0,50,43.2,7.97,3,3,'2999-12-31 23:59:59','2000-01-01 00:00:00',0)
go
insert into CPF_RATE (RATE_TYPE_ID,RATE_EMP_FIX,RATE_EMP_OFFSET,RATE_COY_FIX,RATE_COY_OFFSET,RATE_EMP_CPF,RATE_COY_CPF,RATE_WAGE_ID,RATE_AGE_ID,RATE_END_DATE,RATE_START_DATE,ORG_ID)
values (1,108,750,55.80,750,21.6,15.04,4,3,'2999-12-31 23:59:59','2000-01-01 00:00:00',0)
go
insert into CPF_RATE (RATE_TYPE_ID,RATE_EMP_FIX,RATE_EMP_OFFSET,RATE_COY_FIX,RATE_COY_OFFSET,RATE_EMP_CPF,RATE_COY_CPF,RATE_WAGE_ID,RATE_AGE_ID,RATE_END_DATE,RATE_START_DATE,ORG_ID)
values (1,108,750,123.48,1200,21.60,18.84,5,3,'2999-12-31 23:59:59','2000-01-01 00:00:00',0)
go
insert into CPF_RATE (RATE_TYPE_ID,RATE_EMP_FIX,RATE_EMP_OFFSET,RATE_COY_FIX,RATE_COY_OFFSET,RATE_EMP_CPF,RATE_COY_CPF,RATE_WAGE_ID,RATE_AGE_ID,RATE_END_DATE,RATE_START_DATE,ORG_ID)
values (1,0,0,0,0,18,12,6,3,'2999-12-31 23:59:59','2000-01-01 00:00:00',0)
go
insert into CPF_RATE (RATE_TYPE_ID,RATE_EMP_FIX,RATE_EMP_OFFSET,RATE_COY_FIX,RATE_COY_OFFSET,RATE_EMP_CPF,RATE_COY_CPF,RATE_WAGE_ID,RATE_AGE_ID,RATE_END_DATE,RATE_START_DATE,ORG_ID)
values (1,0,0,0,0,0,0,1,4,'2999-12-31 23:59:59','2000-01-01 00:00:00',0)
go
insert into CPF_RATE (RATE_TYPE_ID,RATE_EMP_FIX,RATE_EMP_OFFSET,RATE_COY_FIX,RATE_COY_OFFSET,RATE_EMP_CPF,RATE_COY_CPF,RATE_WAGE_ID,RATE_AGE_ID,RATE_END_DATE,RATE_START_DATE,ORG_ID)
values (1,0,0,0,50,0,5.97,2,4,'2999-12-31 23:59:59','2000-01-01 00:00:00',0)
go
insert into CPF_RATE (RATE_TYPE_ID,RATE_EMP_FIX,RATE_EMP_OFFSET,RATE_COY_FIX,RATE_COY_OFFSET,RATE_EMP_CPF,RATE_COY_CPF,RATE_WAGE_ID,RATE_AGE_ID,RATE_END_DATE,RATE_START_DATE,ORG_ID)
values (1,0,500,0,50,30,5.97,3,4,'2999-12-31 23:59:59','2000-01-01 00:00:00',0)
go
insert into CPF_RATE (RATE_TYPE_ID,RATE_EMP_FIX,RATE_EMP_OFFSET,RATE_COY_FIX,RATE_COY_OFFSET,RATE_EMP_CPF,RATE_COY_CPF,RATE_WAGE_ID,RATE_AGE_ID,RATE_END_DATE,RATE_START_DATE,ORG_ID)
values (1,75,750,41.85,750,15,9.9,4,4,'2999-12-31 23:59:59','2000-01-01 00:00:00',0)
go
insert into CPF_RATE (RATE_TYPE_ID,RATE_EMP_FIX,RATE_EMP_OFFSET,RATE_COY_FIX,RATE_COY_OFFSET,RATE_EMP_CPF,RATE_COY_CPF,RATE_WAGE_ID,RATE_AGE_ID,RATE_END_DATE,RATE_START_DATE,ORG_ID)
values (1,75,750,86.40,1200,15,16.2,5,4,'2999-12-31 23:59:59','2000-01-01 00:00:00',0)
go
insert into CPF_RATE (RATE_TYPE_ID,RATE_EMP_FIX,RATE_EMP_OFFSET,RATE_COY_FIX,RATE_COY_OFFSET,RATE_EMP_CPF,RATE_COY_CPF,RATE_WAGE_ID,RATE_AGE_ID,RATE_END_DATE,RATE_START_DATE,ORG_ID)
values (1,0,0,0,0,12.5,9,6,4,'2999-12-31 23:59:59','2000-01-01 00:00:00',0)
go
insert into CPF_RATE (RATE_TYPE_ID,RATE_EMP_FIX,RATE_EMP_OFFSET,RATE_COY_FIX,RATE_COY_OFFSET,RATE_EMP_CPF,RATE_COY_CPF,RATE_WAGE_ID,RATE_AGE_ID,RATE_END_DATE,RATE_START_DATE,ORG_ID)
values (1,0,0,0,0,0,0,1,5,'2999-12-31 23:59:59','2000-01-01 00:00:00',0)
go
insert into CPF_RATE (RATE_TYPE_ID,RATE_EMP_FIX,RATE_EMP_OFFSET,RATE_COY_FIX,RATE_COY_OFFSET,RATE_EMP_CPF,RATE_COY_CPF,RATE_WAGE_ID,RATE_AGE_ID,RATE_END_DATE,RATE_START_DATE,ORG_ID)
values (1,0,0,0,50,0,4.31,2,5,'2999-12-31 23:59:59','2000-01-01 00:00:00',0)
go
insert into CPF_RATE (RATE_TYPE_ID,RATE_EMP_FIX,RATE_EMP_OFFSET,RATE_COY_FIX,RATE_COY_OFFSET,RATE_EMP_CPF,RATE_COY_CPF,RATE_WAGE_ID,RATE_AGE_ID,RATE_END_DATE,RATE_START_DATE,ORG_ID)
values (1,0,500,0,50,18,4.31,3,5,'2999-12-31 23:59:59','2000-01-01 00:00:00',0)
go
insert into CPF_RATE (RATE_TYPE_ID,RATE_EMP_FIX,RATE_EMP_OFFSET,RATE_COY_FIX,RATE_COY_OFFSET,RATE_EMP_CPF,RATE_COY_CPF,RATE_WAGE_ID,RATE_AGE_ID,RATE_END_DATE,RATE_START_DATE,ORG_ID)
values (1,45,750,30.225,750,9,5.41,4,5,'2999-12-31 23:59:59','2000-01-01 00:00:00',0)
go
insert into CPF_RATE (RATE_TYPE_ID,RATE_EMP_FIX,RATE_EMP_OFFSET,RATE_COY_FIX,RATE_COY_OFFSET,RATE_EMP_CPF,RATE_COY_CPF,RATE_WAGE_ID,RATE_AGE_ID,RATE_END_DATE,RATE_START_DATE,ORG_ID)
values (1,45,750,54.6,1200,9,14.3,5,5,'2999-12-31 23:59:59','2000-01-01 00:00:00',0)
go
insert into CPF_RATE (RATE_TYPE_ID,RATE_EMP_FIX,RATE_EMP_OFFSET,RATE_COY_FIX,RATE_COY_OFFSET,RATE_EMP_CPF,RATE_COY_CPF,RATE_WAGE_ID,RATE_AGE_ID,RATE_END_DATE,RATE_START_DATE,ORG_ID)
values (1,0,0,0,0,7.5,6.5,6,5,'2999-12-31 23:59:59','2000-01-01 00:00:00',0)
go
insert into CPF_RATE (RATE_TYPE_ID,RATE_EMP_FIX,RATE_EMP_OFFSET,RATE_COY_FIX,RATE_COY_OFFSET,RATE_EMP_CPF,RATE_COY_CPF,RATE_WAGE_ID,RATE_AGE_ID,RATE_END_DATE,RATE_START_DATE,ORG_ID)
values (1,0,0,0,0,0,0,1,6,'2999-12-31 23:59:59','2000-01-01 00:00:00',0)
go
insert into CPF_RATE (RATE_TYPE_ID,RATE_EMP_FIX,RATE_EMP_OFFSET,RATE_COY_FIX,RATE_COY_OFFSET,RATE_EMP_CPF,RATE_COY_CPF,RATE_WAGE_ID,RATE_AGE_ID,RATE_END_DATE,RATE_START_DATE,ORG_ID)
values (1,0,0,0,50,0,4.31,2,6,'2999-12-31 23:59:59','2000-01-01 00:00:00',0)
go
insert into CPF_RATE (RATE_TYPE_ID,RATE_EMP_FIX,RATE_EMP_OFFSET,RATE_COY_FIX,RATE_COY_OFFSET,RATE_EMP_CPF,RATE_COY_CPF,RATE_WAGE_ID,RATE_AGE_ID,RATE_END_DATE,RATE_START_DATE,ORG_ID)
values (1,0,500,0,50,12,4.31,3,6,'2999-12-31 23:59:59','2000-01-01 00:00:00',0)
go
insert into CPF_RATE (RATE_TYPE_ID,RATE_EMP_FIX,RATE_EMP_OFFSET,RATE_COY_FIX,RATE_COY_OFFSET,RATE_EMP_CPF,RATE_COY_CPF,RATE_WAGE_ID,RATE_AGE_ID,RATE_END_DATE,RATE_START_DATE,ORG_ID)
values (1,30,750,30.225,750,6,5.41,4,6,'2999-12-31 23:59:59','2000-01-01 00:00:00',0)
go
insert into CPF_RATE (RATE_TYPE_ID,RATE_EMP_FIX,RATE_EMP_OFFSET,RATE_COY_FIX,RATE_COY_OFFSET,RATE_EMP_CPF,RATE_COY_CPF,RATE_WAGE_ID,RATE_AGE_ID,RATE_END_DATE,RATE_START_DATE,ORG_ID)
values (1,30,750,54.6,1200,6,14.3,5,6,'2999-12-31 23:59:59','2000-01-01 00:00:00',0)
go
insert into CPF_RATE (RATE_TYPE_ID,RATE_EMP_FIX,RATE_EMP_OFFSET,RATE_COY_FIX,RATE_COY_OFFSET,RATE_EMP_CPF,RATE_COY_CPF,RATE_WAGE_ID,RATE_AGE_ID,RATE_END_DATE,RATE_START_DATE,ORG_ID)
values (1,0,0,0,0,5,6.5,6,6,'2999-12-31 23:59:59','2000-01-01 00:00:00',0)
go
CREATE TABLE RACE (
	RACE_ID INT IDENTITY(1,1),
	RACE_DESC nvarchar(30) NOT NULL DEFAULT '',
	BLOCKED bit NOT NULL DEFAULT 0,
	COY_ID INT NOT NULL DEFAULT 0,
	ORG_ID INT NOT NULL DEFAULT 0,
	WORKSTATION_ID nvarchar(30) NOT NULL DEFAULT '',
	MODIFY_BY INT NOT NULL DEFAULT 0,
	MODIFY_DATE datetime NOT NULL DEFAULT GETDATE(),
	CREATE_BY INT NOT NULL DEFAULT 0,
	CREATE_DATE datetime NOT NULL DEFAULT GETDATE(),
	CONSTRAINT PK_RACE PRIMARY KEY (RACE_ID)
)
GO
INSERT INTO RACE (RACE_DESC,ORG_ID) VALUES ('Chinese',0)
go
insert into RACE (RACE_DESC,ORG_ID) VALUES ('Malays',0)
go
insert into RACE (RACE_DESC,ORG_ID) VALUES ('Indians',0)
go
insert into RACE (RACE_DESC,ORG_ID) VALUES ('Eurasians',0)
go
insert into RACE (RACE_DESC,ORG_ID) VALUES ('Others',0)
go

CREATE TABLE PAY_DETAIL (
	PAY_EMP_ID INT NOT NULL DEFAULT 0,
	PAY_DATE datetime not null DEFAULT GETDATE(),
	PAY_TYPE INT not NULL DEFAULT 0,
	PAY_QTY decimal(18,4) NOT NULL DEFAULT 0,
	PAY_VALUE decimal(18,4) NOT NULL DEFAULT 0,
	PAY_WAGE_TYPE TINYINT NOT NULL DEFAULT 0,
	PAY_TAX_TYPE TINYINT NOT NULL DEFAULT 0,
	PAY_INCOME_TYPE TINYINT NOT NULL DEFAULT 0,
	COY_ID INT NOT NULL DEFAULT 0,
	ORG_ID INT NOT NULL DEFAULT 0,
	PAY_ID INT NOT NULL DEFAULT 0
)
GO
CREATE INDEX IX_PAY_DETAIL on PAY_DETAIL (PAY_EMP_ID,PAY_DATE) 
GO
CREATE TABLE PAY_HEADER (
	PAY_EMP_ID INT NOT NULL DEFAULT 0,
	PAY_START datetime not null DEFAULT GETDATE(),
	PAY_END datetime not null DEFAULT GETDATE(),
	PAY_BASIC decimal(18,4) NOT NULL DEFAULT 0,
	PAY_METHOD int not null default 0,
	PAY_INCOME decimal(18,4) NOT NULL DEFAULT 0,
	PAY_DEDUCTION decimal(18,4) NOT NULL DEFAULT 0,
	PAY_REF nvarchar(20) NOT NULL DEFAULT '',
	PAY_ID INT NOT NULL DEFAULT 0,
	COY_ID INT NOT NULL DEFAULT 0,
	ORG_ID INT NOT NULL DEFAULT 0,
	WORKSTATION_ID nvarchar(30) NOT NULL DEFAULT '',
	MODIFY_BY INT NOT NULL DEFAULT 0,
	MODIFY_DATE datetime NOT NULL DEFAULT GETDATE(),
	CREATE_BY INT NOT NULL DEFAULT 0,
	CREATE_DATE datetime NOT NULL DEFAULT GETDATE(),
	CONSTRAINT PK_PAY_HEADER PRIMARY KEY (PAY_EMP_ID,PAY_END)
)
GO
CREATE TABLE PAY_FUND_LEVY (
	PAY_EMP_ID INT NOT NULL DEFAULT 0,
	PAY_DATE datetime not null DEFAULT GETDATE(),
	PAY_TYPE INT not NULL DEFAULT 0,
	PAY_AMOUNT decimal(18,4) NOT NULL DEFAULT 0,
	PAY_ID INT NOT NULL DEFAULT 0,
	COY_ID INT NOT NULL DEFAULT 0,
	ORG_ID INT NOT NULL DEFAULT 0	
)
GO
CREATE INDEX IX_PAY_FUND_LEVY on PAY_FUND_LEVY (PAY_EMP_ID,PAY_DATE) 
GO
CREATE TABLE PAY_CPF (
	CPF_EMP_ID INT NOT NULL DEFAULT 0,
	CPF_DATE datetime not null DEFAULT GETDATE(),
	CPF_EMP decimal(18,4) NOT NULL DEFAULT 0,
	CPF_COY decimal(18,4) NOT NULL DEFAULT 0,
	CPF_OW decimal(18,4) NOT NULL DEFAULT 0,
	CPF_AW decimal(18,4) NOT NULL DEFAULT 0,
	CPF_AW_PAY decimal(18,4) NOT NULL DEFAULT 0,
	CPF_OW_PAY decimal(18,4) NOT NULL DEFAULT 0,
	CPF_REF nvarchar(20) NOT NULL DEFAULT '',
	COY_ID INT NOT NULL DEFAULT 0,
	ORG_ID INT NOT NULL DEFAULT 0,
	CONSTRAINT PK_PAY_CPF PRIMARY KEY (CPF_EMP_ID,CPF_DATE)
)
GO
CREATE TABLE BANK (
	BANK_ID INT IDENTITY(1,1),
	BANK_DESC nvarchar(30) NOT NULL DEFAULT '',
	BANK_FORMAT ntext NULL,
	BANK_TYPE INT NOT NULL DEFAULT 0,
	BANK_REF nvarchar(20) not null default '',
	BANK_ACCT_NO nvarchar(20) NOT NULL DEFAULT '',
	BANK_FILE nvarchar(50) not null default '',
	BLOCKED bit NOT NULL DEFAULT 0,
	COY_ID INT NOT NULL DEFAULT 0,
	ORG_ID INT NOT NULL DEFAULT 0,
	WORKSTATION_ID nvarchar(30) NOT NULL DEFAULT '',
	MODIFY_BY INT NOT NULL DEFAULT 0,
	MODIFY_DATE datetime NOT NULL DEFAULT GETDATE(),
	CREATE_BY INT NOT NULL DEFAULT 0,
	CREATE_DATE datetime NOT NULL DEFAULT GETDATE(),
	CONSTRAINT PK_BANK PRIMARY KEY (BANK_ID)
)
GO
CREATE TABLE WORK_PERMIT (
	WP_ID INT IDENTITY(1,1),
	WP_DESC nvarchar(30) NOT NULL DEFAULT '',
	WP_LEVY decimal(18,4) NOT NULL DEFAULT 0,
	BLOCKED bit NOT NULL DEFAULT 0,
	COY_ID INT NOT NULL DEFAULT 0,
	ORG_ID INT NOT NULL DEFAULT 0,
	WORKSTATION_ID nvarchar(30) NOT NULL DEFAULT '',
	MODIFY_BY INT NOT NULL DEFAULT 0,
	MODIFY_DATE datetime NOT NULL DEFAULT GETDATE(),
	CREATE_BY INT NOT NULL DEFAULT 0,
	CREATE_DATE datetime NOT NULL DEFAULT GETDATE(),
	CONSTRAINT PK_WORK_PERMIT PRIMARY KEY (WP_ID)
)
GO
INSERT INTO WORK_PERMIT (WP_DESC,WP_LEVY,ORG_ID) VALUES ('Work Permit',0,0)
go
insert into WORK_PERMIT (WP_DESC,WP_LEVY,ORG_ID) VALUES ('EP - P1',0,0)
go
insert into WORK_PERMIT (WP_DESC,WP_LEVY,ORG_ID) VALUES ('EP - P2',0,0)
go
insert into WORK_PERMIT (WP_DESC,WP_LEVY,ORG_ID) VALUES ('EP - Q1',0,0)
go
insert into WORK_PERMIT (WP_DESC,WP_LEVY,ORG_ID) VALUES ('S PASS',0,0)
go
CREATE TABLE LEAVE_TYPE (
	LEAVE_ID INT IDENTITY(1,1),
	LEAVE_DESC nvarchar(30) NOT NULL DEFAULT '',
	LEAVE_PERIOD INT NOT NULL DEFAULT 0,
	BLOCKED bit NOT NULL DEFAULT 0,
	COY_ID INT NOT NULL DEFAULT 0,
	ORG_ID INT NOT NULL DEFAULT 0,
	WORKSTATION_ID nvarchar(30) NOT NULL DEFAULT '',
	MODIFY_BY INT NOT NULL DEFAULT 0,
	MODIFY_DATE datetime NOT NULL DEFAULT GETDATE(),
	CREATE_BY INT NOT NULL DEFAULT 0,
	CREATE_DATE datetime NOT NULL DEFAULT GETDATE(),
	CONSTRAINT PK_LEAVE_TYPE PRIMARY KEY (LEAVE_ID)
)
GO
INSERT INTO LEAVE_TYPE (LEAVE_DESC,LEAVE_PERIOD,ORG_ID) VALUES ('Annual Leave',1,0)
go
insert into LEAVE_TYPE (LEAVE_DESC,LEAVE_PERIOD,ORG_ID) VALUES ('Medical Leave',1,0)
go
insert into LEAVE_TYPE (LEAVE_DESC,LEAVE_PERIOD,ORG_ID) VALUES ('Infant Care Leave',1,0)
go
insert into LEAVE_TYPE (LEAVE_DESC,LEAVE_PERIOD,ORG_ID) VALUES ('Maternity Leave',1,0)
go
insert into LEAVE_TYPE (LEAVE_DESC,LEAVE_PERIOD,ORG_ID) VALUES ('Childcare Leave',1,0)
go
CREATE TABLE LEAVE_GROUP (
	GROUP_ID INT IDENTITY(1,1),
	GROUP_DESC nvarchar(30) NOT NULL DEFAULT '',
	GROUP_REF nvarchar(20) NOT NULL DEFAULT '',
	BLOCKED bit NOT NULL DEFAULT 0,
	COY_ID INT NOT NULL DEFAULT 0,
	ORG_ID INT NOT NULL DEFAULT 0,
	WORKSTATION_ID nvarchar(30) NOT NULL DEFAULT '',
	MODIFY_BY INT NOT NULL DEFAULT 0,
	MODIFY_DATE datetime NOT NULL DEFAULT GETDATE(),
	CREATE_BY INT NOT NULL DEFAULT 0,
	CREATE_DATE datetime NOT NULL DEFAULT GETDATE(),
	CONSTRAINT PK_LEAVE_GROUP PRIMARY KEY (GROUP_ID)
)
GO
CREATE TABLE LEAVE_GROUP_TYPE (
	LEAVE_GROUP_ID INT NOT NULL DEFAULT 0,
	LEAVE_TYPE_ID INT not NULL DEFAULT 0,
	LEAVE_OPTIONS ntext NULL,
	ORG_ID INT NOT NULL DEFAULT 0,
	COY_ID INT NOT NULL DEFAULT 0
)
GO
CREATE INDEX IX_LEAVE_GROUP_TYPE on LEAVE_GROUP_TYPE (LEAVE_GROUP_ID)
GO
CREATE TABLE EMPLOYEE_LEAVE (
	LEAVE_EMP_ID INT NOT NULL DEFAULT 0,
	LEAVE_START DATETIME NOT NULL DEFAULT GETDATE(),
	LEAVE_END DATETIME NOT NULL DEFAULT GETDATE(),
	LEAVE_GROUP INT NOT NULL DEFAULT 0,
	ORG_ID INT NOT NULL DEFAULT 0,
	COY_ID INT NOT NULL DEFAULT 0,
	WORKSTATION_ID nvarchar(30) NOT NULL DEFAULT '',
	MODIFY_BY INT NOT NULL DEFAULT 0,
	MODIFY_DATE datetime NOT NULL DEFAULT GETDATE(),
	CONSTRAINT PK_EMPLOYEE_LEAVE PRIMARY KEY (LEAVE_EMP_ID)
)
GO
CREATE TABLE EMPLOYEE_LEAVE_TYPE (
	LEAVE_EMP_ID INT NOT NULL DEFAULT 0,
	LEAVE_START decimal(18,4) NOT NULL DEFAULT 0,
	LEAVE_END decimal(18,4) NOT NULL DEFAULT 0,
	LEAVE_VALUE decimal(18,4) NOT NULL DEFAULT 0,
	LEAVE_TYPE_ID INT NOT NULL DEFAULT 0,
	ORG_ID INT NOT NULL DEFAULT 0,
	COY_ID INT NOT NULL DEFAULT 0
)
CREATE INDEX IX_EMPLOYEE_LEAVE_TYPE on EMPLOYEE_LEAVE_TYPE (LEAVE_EMP_ID) 
GO

-- EXPENSES AND CLAIMS
CREATE TABLE CURRENCY (
	CUR_ID INT IDENTITY(1,1),
	CUR_DESC NVARCHAR(30) NOT NULL DEFAULT '',
	CUR_CODE NVARCHAR(3) NOT NULL DEFAULT '',
	ORG_ID INT NOT NULL DEFAULT 0,
	COY_ID INT NOT NULL DEFAULT 0,
	WORKSTATION_ID nvarchar(30) NOT NULL DEFAULT '',
	MODIFY_BY INT NOT NULL DEFAULT 0,
	MODIFY_DATE datetime NOT NULL DEFAULT GETDATE(),
	CREATE_BY INT NOT NULL DEFAULT 0,
	CREATE_DATE datetime NOT NULL DEFAULT GETDATE(),
	CONSTRAINT PK_CURRENCY PRIMARY KEY (CUR_ID)
)
GO
INSERT INTO CURRENCY (CUR_CODE,CUR_DESC,ORG_ID) VALUES ('SGD','Singpore Dollars',0)
go
insert into CURRENCY (CUR_CODE,CUR_DESC,ORG_ID) VALUES ('USD','US Dollars',0)
go
CREATE TABLE CLAIM_HEADER (
	CLAIM_ID INT IDENTITY (1,1),
	CLAIM_DESC nvarchar(100) NOT NULL DEFAULT '',
	CLAIM_TYPE INT NOT NULL DEFAULT 0,
	CLAIM_DATE datetime NOT NULL DEFAULT GETDATE(),
	CLAIM_AMOUNT DECIMAL(18,4) NOT NULL DEFAULT 0.00,
	CLAIM_EMP_ID INT NOT NULL DEFAULT 0,
	CLAIM_STATUS INT NOT NULL DEFAULT 0,
	CLAIM_APPROVED_AMOUNT DECIMAL(18,4) NOT NULL DEFAULT 0.00,
	CLAIM_TRAVEL_ID INT NOT NULL DEFAULT 0,
	CLAIM_PROJECT_ID INT NOT NULL DEFAULT 0,
	COY_ID INT NOT NULL DEFAULT 0,
	ORG_ID INT NOT NULL DEFAULT 0,
	WORKSTATION_ID nvarchar (30) NOT NULL DEFAULT '',
	MODIFY_BY INT NOT NULL DEFAULT 0,
	MODIFY_DATE datetime NOT NULL DEFAULT GETDATE(),
	CREATE_BY INT NOT NULL DEFAULT 0,
	CREATE_DATE datetime NOT NULL DEFAULT GETDATE(),
	CONSTRAINT PK_CLAIM PRIMARY KEY (CLAIM_ID)
)
GO
CREATE TABLE CLAIM_DETAIL (
	CLAIM_ID INT NOT NULL DEFAULT 0,
	CLAIM_LINE_NO INT NOT NULL DEFAULT 0,
	CLAIM_DESC nvarchar(250) DEFAULT '',
	CLAIM_EXPENSE_ID INT NOT NULL DEFAULT 0,
	CLAIM_STATUS INT NOT NULL DEFAULT 0,
	CLAIM_AMOUNT DECIMAL(18,4) NOT NULL DEFAULT 0.00,
	CLAIM_CURRENCY INT NOT NULL DEFAULT 0,
	CLAIM_APPROVED_AMOUNT DECIMAL(18,4) NOT NULL DEFAULT 0.00,
	CLAIM_DOC_REF nvarchar(30) DEFAULT '',
	CALIM_PROJECT_ID INT NOT NULL DEFAULT 0,
	COY_ID INT NOT NULL DEFAULT 0,
	ORG_ID INT NOT NULL DEFAULT 0,
	CONSTRAINT PK_CLAIM_DETAIL PRIMARY KEY (CLAIM_ID, CLAIM_LINE_NO)
)
GO
CREATE TABLE CLAIM_DOCUMENT (
	CLAIM_DOC_ID INT NOT NULL 0,
	CLAIM_ID INT NOT NULL DEFAULT 0,
	CLAIM_DOC_REF nvarchar(30) NOT NULL DEFAULT '',
	CLAIM_DOC_DESC nvarchar(200) DEFAULT '',
	CLAIM_DOC_PATH nvarchar(50) DEFAULT '',
	CLAIM_DOC_IS_VERIFIED int DEFAULT 0,
	COY_ID INT NOT NULL DEFAULT 0,
	ORG_ID INT NOT NULL DEFAULT 0,
	CONSTRAINT PK_CLAIM_DOC PRIMARY KEY (CLAIM_DOC_ID, CLAIM_ID)
)
GO
CREATE TABLE TRAVEL_PLAN (
	TRAVEL_ID INT IDENTITY (1,1),
	TRAVEL_TITLE nvarchar(100) NOT NULL DEFAULT '',
	TRAVEL_DESC nvarchar(250) NOT NULL DEFAULT '',
	TRAVEL_START_DATE DATETIME NOT NULL DEFAULT GETDATE(),
	TRAVEL_END_DATE DATETIME NOT NULL DEFAULT GETDATE(),
	TRAVEL_COUNTRY INT NOT NULL DEFAULT 0,
	TRAVEL_PROJECT_ID INT NOT NULL DEFAULT 0,
	COY_ID INT NOT NULL DEFAULT 0,
	ORG_ID INT NOT NULL DEFAULT 0,
	WORKSTATION_ID nvarchar (30) NOT NULL DEFAULT '',
	MODIFY_BY INT NOT NULL DEFAULT 0,
	MODIFY_DATE datetime NOT NULL DEFAULT GETDATE(),
	CREATE_BY INT NOT NULL DEFAULT 0,
	CREATE_DATE datetime NOT NULL DEFAULT GETDATE(),
	CONSTRAINT PK_TRAVEL_PLAN PRIMARY KEY (TRAVEL_ID)
)
GO
CREATE TABLE EXPENSE_GROUP (
	EXPENSE_GROUP_ID INT IDENTITY (1,1),
	EXPENSE_GROUP_REF nvarchar(10) NOT NULL DEFAULT '',
	EXPENSE_GROUP_DESC nvarchar(50) NOT NULL DEFAULT '',
	COY_ID INT NOT NULL DEFAULT 0,
	ORG_ID INT NOT NULL DEFAULT 0,
	WORKSTATION_ID nvarchar (30) NOT NULL DEFAULT '',
	MODIFY_BY INT NOT NULL DEFAULT 0,
	MODIFY_DATE datetime NOT NULL DEFAULT GETDATE(),
	CREATE_BY INT NOT NULL DEFAULT 0,
	CREATE_DATE datetime NOT NULL DEFAULT GETDATE(),
	CONSTRAINT PK_EXPENSE_ITEM_GROUP PRIMARY KEY (EXPENSE_GROUP_ID)
)
GO
CREATE TABLE EXPENSE_ITEM (
	EXPENSE_ITEM_ID INT IDENTITY (1,1),
	EXPENSE_ITEM_REF nvarchar(10) NOT NULL DEFAULT'',
	EXPENSE_ITEM_GROUP_ID INT NOT NULL DEFAULT 0,
	EXPENSE_ITEM_DESC nvarchar(50) NOT NULL DEFAULT '',
	EXPENSE_ITEM_TYPE INT NOT NULL DEFAULT 0,
	COY_ID INT NOT NULL DEFAULT 0,
	ORG_ID INT NOT NULL DEFAULT 0,
	WORKSTATION_ID nvarchar (30) NOT NULL DEFAULT '',
	MODIFY_BY INT NOT NULL DEFAULT 0,
	MODIFY_DATE datetime NOT NULL DEFAULT GETDATE(),
	CREATE_BY INT NOT NULL DEFAULT 0,
	CREATE_DATE datetime NOT NULL DEFAULT GETDATE(),
	CONSTRAINT PK_EXPENSE_ITEM PRIMARY KEY (EXPENSE_ITEM_ID)
)
GO
CREATE TABLE CLAIM_GROUP (
	CLAIM_GROUP_ID INT IDENTITY (1,1),
	CLAIM_GROUP_DESC nvarchar (50) NOT NULL DEFAULT '',
	COY_ID INT NOT NULL DEFAULT 0,
	ORG_ID INT NOT NULL DEFAULT 0,
	WORKSTATION_ID nvarchar (30) NOT NULL DEFAULT '',
	MODIFY_BY INT NOT NULL DEFAULT 0,
	MODIFY_DATE datetime NOT NULL DEFAULT GETDATE(),
	CREATE_BY INT NOT NULL DEFAULT 0,
	CREATE_DATE datetime NOT NULL DEFAULT GETDATE(),
	CONSTRAINT PK_CLAIM_GROUP PRIMARY KEY (CLAIM_GROUP_ID)
)
GO
CREATE TABLE CLAIM_GROUP_HEAD (
	CLAIM_GROUP_ID INT NOT NULL DEFAULT 0,
	CLAIM_GROUP_EMP_ID INT NOT NULL DEFAULT 0,
	COY_ID INT NOT NULL DEFAULT 0,
	ORG_ID INT NOT NULL DEFAULT 0
)
GO
CREATE INDEX IX_CLAIM_GROUP_HEAD on CLAIM_GROUP_HEAD (CLAIM_GROUP_ID) 
GO
CREATE TABLE CLAIM_GROUP_EMP (
	CLAIM_GROUP_ID INT NOT NULL,
	CLAIM_GROUP_EMP_ID INT NOT NULL,
	COY_ID INT NOT NULL DEFAULT 0,
	ORG_ID INT NOT NULL DEFAULT 0
)
GO
CREATE INDEX IX_CLAIM_GROUP_EMP on CLAIM_GROUP_EMP (CLAIM_GROUP_EMP_ID) 
GO
CREATE TABLE CLAIM_LIMIT (
	CLAIM_EXPENSE_ID INT NOT NULL DEFAULT 0,
	CLAIM_GROUP_ID INT NOT NULL DEFAULT 0,
	CLAIM_LIMIT_TYPE INT NOT NULL DEFAULT 0,
	CLAIM_LIMIT_AMOUNT DECIMAL(18,4) NOT NULL DEFAULT 0.00,
	COY_ID INT NOT NULL DEFAULT 0,
	ORG_ID INT NOT NULL DEFAULT 0,
	WORKSTATION_ID nvarchar (30) NOT NULL DEFAULT '',
	MODIFY_BY INT NOT NULL DEFAULT 0,
	MODIFY_DATE datetime NOT NULL DEFAULT GETDATE(),
	CREATE_BY INT NOT NULL DEFAULT 0,
	CREATE_DATE datetime NOT NULL DEFAULT GETDATE(),
	CONSTRAINT PK_CLAIM_LIMIT PRIMARY KEY (CLAIM_GROUP_ID, CLAIM_EXPENSE_ID)
)
GO

-- TIME AND ATTENDANCE
CREATE TABLE PROJECT (
	PROJECT_ID INT IDENTITY (1,1),
	PROJECT_DESC nvarchar(50) NOT NULL DEFAULT '',
	PROJECT_REF nvarchar(10) NOT NULL DEFAULT '',
	COY_ID INT NOT NULL DEFAULT 0,
	ORG_ID INT NOT NULL DEFAULT 0,
	WORKSTATION_ID nvarchar(30) NOT NULL DEFAULT '',
	MODIFY_BY INT NOT NULL DEFAULT 0,
	MODIFY_DATE datetime NOT NULL DEFAULT GETDATE(),
	CREATE_BY INT NOT NULL DEFAULT 0,
	CREATE_DATE datetime NOT NULL DEFAULT GETDATE(),
	CONSTRAINT PK_PROJECT PRIMARY KEY (PROJECT_ID)
)
GO

CREATE TABLE ATTENDANCE_PROJECT (
	ATT_EMP_ID int NOT NULL DEFAULT 0,
	ATT_DATE datetime DEFAULT GETDATE(),
	ATT_PROJECT_ID int NOT NULL DEFAULT 0,
	ATT_SEQ_NUMBER int NOT NULL DEFAULT 0,
	ATT_TIME_START nvarchar(10) DEFAULT '00:00:00',
	ATT_TIME_END nvarchar(10) DEFAULT '00:00:00',
	COY_ID INT NOT NULL DEFAULT 0,
	ORG_ID INT NOT NULL DEFAULT 0,
	WORKSTATION_ID nvarchar (30) NOT NULL DEFAULT '',
	MODIFY_BY INT NOT NULL DEFAULT 0,
	MODIFY_DATE datetime NOT NULL DEFAULT GETDATE(),
	CREATE_BY INT NOT NULL DEFAULT 0,
	CREATE_DATE datetime NOT NULL DEFAULT GETDATE(),
	CONSTRAINT PK_ATTENDANCE_PROJECT PRIMARY KEY (ATT_EMP_ID, ATT_DATE, ATT_SEQ_NUMBER)
)
GO

CREATE TABLE SHIFT_GROUP (
	SHIFT_GROUP_ID INT IDENTITY (1,1),
	SHIFT_GROUP_DESC nvarchar(30) NOT NULL DEFAULT '',
	SHIFT_GROUP_REF nvarchar(20) NOT NULL DEFAULT '',
	COY_ID INT NOT NULL DEFAULT 0,
	ORG_ID INT NOT NULL DEFAULT 0,
	WORKSTATION_ID nvarchar(30) NOT NULL DEFAULT '',
	MODIFY_BY INT NOT NULL DEFAULT 0,
	MODIFY_DATE datetime NOT NULL DEFAULT GETDATE(),
	CREATE_BY INT NOT NULL DEFAULT 0,
	CREATE_DATE datetime NOT NULL DEFAULT GETDATE(),
	CONSTRAINT PK_SHIFT_GROUP PRIMARY KEY (SHIFT_GROUP_ID)
)
GO

CREATE TABLE SHIFT_UPDATE(
	SHIFT_UPDATE_ID INT IDENTITY (1,1),
	SHIFT_TYPE INT NOT NULL DEFAULT 0,
	SHIFT_UPDATE_MONTH nvarchar(6) NOT NULL DEFAULT '0000',
	SHIFT_GROUP_ID int NOT NULL DEFAULT 0,
	SHIFT_EMP_ID int NOT NULL DEFAULT 0,
	SHIFT_01 int NOT NULL DEFAULT 0,
	SHIFT_02 int NOT NULL DEFAULT 0,
	SHIFT_03 int NOT NULL DEFAULT 0,
	SHIFT_04 int NOT NULL DEFAULT 0,
	SHIFT_05 int NOT NULL DEFAULT 0,
	SHIFT_06 int NOT NULL DEFAULT 0,
	SHIFT_07 int NOT NULL DEFAULT 0,
	SHIFT_08 int NOT NULL DEFAULT 0,
	SHIFT_09 int NOT NULL DEFAULT 0,
	SHIFT_10 int NOT NULL DEFAULT 0,
	SHIFT_11 int NOT NULL DEFAULT 0,
	SHIFT_12 int NOT NULL DEFAULT 0,
	SHIFT_13 int NOT NULL DEFAULT 0,
	SHIFT_14 int NOT NULL DEFAULT 0,
	SHIFT_15 int NOT NULL DEFAULT 0,
	SHIFT_16 int NOT NULL DEFAULT 0,
	SHIFT_17 int NOT NULL DEFAULT 0,
	SHIFT_18 int NOT NULL DEFAULT 0,
	SHIFT_19 int NOT NULL DEFAULT 0,
	SHIFT_20 int NOT NULL DEFAULT 0,
	SHIFT_21 int NOT NULL DEFAULT 0,
	SHIFT_22 int NOT NULL DEFAULT 0,
	SHIFT_23 int NOT NULL DEFAULT 0,
	SHIFT_24 int NOT NULL DEFAULT 0,
	SHIFT_25 int NOT NULL DEFAULT 0,
	SHIFT_26 int NOT NULL DEFAULT 0,
	SHIFT_27 int NOT NULL DEFAULT 0,
	SHIFT_28 int NOT NULL DEFAULT 0,
	SHIFT_29 int NOT NULL DEFAULT 0,
	SHIFT_30 int NOT NULL DEFAULT 0,
	SHIFT_31 int NOT NULL DEFAULT 0,
	COY_ID INT NOT NULL DEFAULT 0,
	ORG_ID INT NOT NULL DEFAULT 0,
	WORKSTATION_ID nvarchar (30) NOT NULL DEFAULT '',
	MODIFY_BY INT NOT NULL DEFAULT 0,
	MODIFY_DATE datetime NOT NULL DEFAULT GETDATE(),
	CREATE_BY INT NOT NULL DEFAULT 0,
	CREATE_DATE datetime NOT NULL DEFAULT GETDATE(),
	CONSTRAINT PK_SHIFT_UPDATE PRIMARY KEY (SHIFT_UPDATE_ID)
)
GO

CREATE TABLE TIME_CARD_LIMIT (
	TIME_LIMIT_ID INT IDENTITY (1,1),
	TIME_LIMIT_BEFORE DECIMAL(18,4) NOT NULL DEFAULT 0,
	TIME_LIMIT_AFTER DECIMAL(18,4) NOT NULL DEFAULT 0,
	COY_ID INT NOT NULL DEFAULT 0,
	ORG_ID INT NOT NULL DEFAULT 0,
	WORKSTATION_ID nvarchar(30) NOT NULL DEFAULT '',
	MODIFY_BY INT NOT NULL DEFAULT 0,
	MODIFY_DATE datetime NOT NULL DEFAULT GETDATE(),
	CREATE_BY INT NOT NULL DEFAULT 0,
	CREATE_DATE datetime NOT NULL DEFAULT GETDATE(),
	CONSTRAINT PK_TIME_CARD_LIMIT PRIMARY KEY (TIME_LIMIT_ID)
)
GO
insert into TIME_CARD_LIMIT VALUES (1, 1, 1, 0, '',	1, GETDATE(),	1, GETDATE())
GO		
CREATE TABLE TIME_CARD (
	TIME_CARD_ID INT IDENTITY (1,1),
	TIME_CARD_DESC nvarchar(30) NOT NULL DEFAULT '',
	TIME_CARD_REF nvarchar(20) NOT NULL DEFAULT '',
	TIME_START nvarchar(10) NOT NULL DEFAULT '00:00:00',
	TIME_END nvarchar(10) NOT NULL DEFAULT '00:00:00',
	TIME_TOLERANCE int DEFAULT 0,
	TIME_BREAK tinyint DEFAULT 0,
	TIME_BREAK_START nvarchar(10) DEFAULT '00:00:00',
	TIME_BREAK_END nvarchar(10) DEFAULT '00:00:00',
	COY_ID INT NOT NULL DEFAULT 0,
	ORG_ID INT NOT NULL DEFAULT 0,
	WORKSTATION_ID nvarchar(30) NOT NULL DEFAULT '',
	MODIFY_BY INT NOT NULL DEFAULT 0,
	MODIFY_DATE datetime NOT NULL DEFAULT GETDATE(),
	CREATE_BY INT NOT NULL DEFAULT 0,
	CREATE_DATE datetime NOT NULL DEFAULT GETDATE(),
	CONSTRAINT PK_TIME_CARD PRIMARY KEY (TIME_CARD_ID)
)
GO

CREATE TABLE SHIFT_DETAIL (
	SHIFT_DETAIL_ID INT IDENTITY (1,1),
	SHIFT_TYPE INT NOT NULL DEFAULT 0,
	SHIFT_GROUP_ID INT NOT NULL DEFAULT 0,
	SHIFT_01 INT NOT NULL DEFAULT 0,
	SHIFT_02 INT NOT NULL DEFAULT 0,
	SHIFT_03 INT NOT NULL DEFAULT 0,
	SHIFT_04 INT NOT NULL DEFAULT 0,
	SHIFT_05 INT NOT NULL DEFAULT 0,
	SHIFT_06 INT NOT NULL DEFAULT 0,
	SHIFT_07 INT NOT NULL DEFAULT 0,
	SHIFT_08 INT NOT NULL DEFAULT 0,
	SHIFT_09 INT NOT NULL DEFAULT 0,
	SHIFT_10 INT NOT NULL DEFAULT 0,
	SHIFT_11 INT NOT NULL DEFAULT 0,
	SHIFT_12 INT NOT NULL DEFAULT 0,
	SHIFT_13 INT NOT NULL DEFAULT 0,
	SHIFT_14 INT NOT NULL DEFAULT 0,
	SHIFT_15 INT NOT NULL DEFAULT 0,
	SHIFT_16 INT NOT NULL DEFAULT 0,
	SHIFT_17 INT NOT NULL DEFAULT 0,
	SHIFT_18 INT NOT NULL DEFAULT 0,
	SHIFT_19 INT NOT NULL DEFAULT 0,
	SHIFT_20 INT NOT NULL DEFAULT 0,
	SHIFT_21 INT NOT NULL DEFAULT 0,
	SHIFT_22 INT NOT NULL DEFAULT 0,
	SHIFT_23 INT NOT NULL DEFAULT 0,
	SHIFT_24 INT NOT NULL DEFAULT 0,
	SHIFT_25 INT NOT NULL DEFAULT 0,
	SHIFT_26 INT NOT NULL DEFAULT 0,
	SHIFT_27 INT NOT NULL DEFAULT 0,
	SHIFT_28 INT NOT NULL DEFAULT 0,
	SHIFT_29 INT NOT NULL DEFAULT 0,
	SHIFT_30 INT NOT NULL DEFAULT 0,
	SHIFT_31 INT NOT NULL DEFAULT 0,	
	COY_ID INT NOT NULL DEFAULT 0,
	ORG_ID INT NOT NULL DEFAULT 0,
	WORKSTATION_ID nvarchar(30) NOT NULL DEFAULT '',
	MODIFY_BY INT NOT NULL DEFAULT 0,
	MODIFY_DATE datetime NOT NULL DEFAULT GETDATE(),
	CREATE_BY INT NOT NULL DEFAULT 0,
	CREATE_DATE datetime NOT NULL DEFAULT GETDATE(),
	CONSTRAINT PK_SHIFT_DETAIL PRIMARY KEY (SHIFT_DETAIL_ID)
)
GO

CREATE TABLE HOLIDAY (
	HOLIDAY_ID INT IDENTITY (1,1),
	HOLIDAY_DATE date NOT NULL DEFAULT '',
	HOLIDAY_DESC  nvarchar(50) NOT NULL DEFAULT '',
	COY_ID INT NOT NULL DEFAULT 0,
	ORG_ID INT NOT NULL DEFAULT 0,
	WORKSTATION_ID nvarchar(30) NOT NULL DEFAULT '',
	MODIFY_BY INT NOT NULL DEFAULT 0,
	MODIFY_DATE datetime NOT NULL DEFAULT GETDATE(),
	CREATE_BY INT NOT NULL DEFAULT 0,
	CREATE_DATE datetime NOT NULL DEFAULT GETDATE(),
	CONSTRAINT PK_HOLIDAY PRIMARY KEY (HOLIDAY_ID)
)
GO

CREATE TABLE ATTENDANCE (
	ATT_EMP_ID int NOT NULL DEFAULT 0,
	ATT_DATE datetime DEFAULT GETDATE(),
	ATT_TIME_START nvarchar(10) DEFAULT '00:00:00',
	ATT_TIME_END nvarchar(10) DEFAULT '00:00:00',
	ATT_BREAK_START nvarchar(10) DEFAULT '00:00:00',
	ATT_BREAK_END nvarchar(10) DEFAULT '00:00:00',
	ATT_LATE_IN int NOT NULL DEFAULT 0,
	ATT_EARLY_OUT int NOT NULL DEFAULT 0,	
	COY_ID INT NOT NULL DEFAULT 0,
	ORG_ID INT NOT NULL DEFAULT 0,
	WORKSTATION_ID nvarchar(30) NOT NULL DEFAULT '',
	MODIFY_BY INT NOT NULL DEFAULT 0,
	MODIFY_DATE datetime NOT NULL DEFAULT GETDATE(),
	CREATE_BY INT NOT NULL DEFAULT 0,
	CREATE_DATE datetime NOT NULL DEFAULT GETDATE(),
	CONSTRAINT PK_ATTENDANCE PRIMARY KEY (ATT_EMP_ID, ATT_DATE)
)
GO

CREATE TABLE TIME_OFF (
	TIME_DESC nvarchar(30) NOT NULL DEFAULT '',
	TIME_EMP_ID int NOT NULL DEFAULT 0,
	TIME_START nvarchar(10) DEFAULT '00:00:00',
	TIME_END nvarchar(10) DEFAULT '00:00:00',
	TIME_DATE_OFF datetime DEFAULT GETDATE(),
	ORG_ID INT NOT NULL DEFAULT 0,
	COY_ID INT NOT NULL DEFAULT 0,
	WORKSTATION_ID nvarchar (30) NOT NULL DEFAULT '',
	MODIFY_BY INT NOT NULL DEFAULT 0,
	MODIFY_DATE datetime NOT NULL DEFAULT GETDATE(),
	CREATE_BY INT NOT NULL DEFAULT 0,
	CREATE_DATE datetime NOT NULL DEFAULT GETDATE(),
	CONSTRAINT PK_TIMEOFF PRIMARY KEY (TIME_EMP_ID, TIME_DATE_OFF)
)
GO

CREATE TABLE OVER_TIME (
	TIME_EMP_ID INT NOT NULL DEFAULT 0,
	TIME_ATT_DATE datetime NOT NULL DEFAULT GETDATE(),
	TIME_ID INT NOT NULL DEFAULT 0,
	TIME_HOUR int NOT NULL DEFAULT 0,
	TIME_START nvarchar(10) NOT NULL DEFAULT '00:00:00',
	TIME_END nvarchar(10) NOT NULL DEFAULT '00:00:00',
	TIME_DESC  nvarchar(100) NOT NULL DEFAULT '',
	TIME_PROJECT_ID INT NOT NULL DEFAULT 0,
	ORG_ID INT NOT NULL DEFAULT 0,
	COY_ID INT NOT NULL DEFAULT 0,
	WORKSTATION_ID nvarchar (30) NOT NULL DEFAULT '',
	MODIFY_BY INT NOT NULL DEFAULT 0,
	MODIFY_DATE datetime NOT NULL DEFAULT GETDATE(),
	CREATE_BY INT NOT NULL DEFAULT 0,
	CREATE_DATE datetime NOT NULL DEFAULT GETDATE(),
	CONSTRAINT PK_OVERTIME PRIMARY KEY (TIME_EMP_ID, TIME_ATT_DATE, TIME_ID)
)
GO

CREATE TABLE RATE_GROUP (
	RATE_GROUP_ID INT IDENTITY (1,1),
	RATE_GROUP_DESC NVARCHAR(30) NOT NULL DEFAULT '',
	RATE_TYPE INT DEFAULT 0,
	RATE_NORMAL DECIMAL(18,4) NOT NULL DEFAULT 0,
	RATE_NORMAL_OT DECIMAL(18,4) NOT NULL DEFAULT 0,
	RATE_WEEKEND DECIMAL(18,4) NOT NULL DEFAULT 0,
	RATE_WEEKEND_OT DECIMAL(18,4) NOT NULL DEFAULT 0,
	RATE_HOLIDAY DECIMAL(18,4) NOT NULL DEFAULT 0,
	RATE_HOLIDAY_OT DECIMAL(18,4) NOT NULL DEFAULT 0,
	COY_ID INT NOT NULL DEFAULT 0,
	ORG_ID INT NOT NULL DEFAULT 0,
	WORKSTATION_ID nvarchar(30) NOT NULL DEFAULT '',
	MODIFY_BY INT NOT NULL DEFAULT 0,
	MODIFY_DATE datetime NOT NULL DEFAULT GETDATE(),
	CREATE_BY INT NOT NULL DEFAULT 0,
	CREATE_DATE datetime NOT NULL DEFAULT GETDATE(),
	CONSTRAINT PK_RATE_GROUP PRIMARY KEY (RATE_GROUP_ID)
)
GO

CREATE TABLE EMPLOYEE_SHIFT (
	EMP_ID INT NOT NULL DEFAULT 0,
	EMP_SHIFT_TYPE INT NOT NULL DEFAULT 0,
	EMP_SHIFT_GROUP_ID INT NOT NULL DEFAULT 0,
	EMP_RATE_ID INT NOT NULL DEFAULT 0,
	EMP_TIMECARD_ID INT NOT NULL DEFAULT 0,
	COY_ID INT NOT NULL DEFAULT 0,
	ORG_ID INT NOT NULL DEFAULT 0,
	WORKSTATION_ID nvarchar(30) NOT NULL DEFAULT '',
	MODIFY_BY INT NOT NULL DEFAULT 0,
	MODIFY_DATE datetime NOT NULL DEFAULT GETDATE(),
	CREATE_BY INT NOT NULL DEFAULT 0,
	CREATE_DATE datetime NOT NULL DEFAULT GETDATE(),
	CONSTRAINT PK_EMPLOYEE_SHIFT PRIMARY KEY (EMP_ID)
)
GO

CREATE TABLE EMPLOYEE_PASSWORD (
	EMP_ID INT NOT NULL DEFAULT 0,
	EMP_CODE nvarchar(20) NOT NULL DEFAULT '',
	EMP_PASSWORD nvarchar(100) NOT NULL DEFAULT '',
)
GO
USE MASTER