CREATE DATABASE IF NOT EXISTS `DB_HRMS` ;
USE DB_HRMS ;
CREATE TABLE IF NOT EXISTS `AUDIT_LOG` (
	`LOG_ID` INT(10) unsigned NOT NULL DEFAULT '0',
	`LOG_TABLE` varchar(30) NOT NULL DEFAULT '',
	`LOG_USER` INT(10) unsigned NOT NULL DEFAULT '0',
	`LOG_DATE`  datetime not null default '2000-01-01 00:00:00',
	`LOG_DESC` text null	,
	`WORKSTATION_ID` varchar(30) NOT NULL DEFAULT '',
	`ORG_ID` INT(10) unsigned NOT NULL DEFAULT '0'
)ENGINE=InnoDB;

CREATE INDEX `IX_AUDIT_LOG` on `AUDIT_LOG` (`LOG_ID`,`LOG_TABLE`) ;

CREATE TABLE IF NOT EXISTS  `ORGANIZATION` (
	`ORG_ID` INT(10) NOT NULL AUTO_INCREMENT PRIMARY KEY,
	`ORG_CODE` varchar(10) NOT NULL DEFAULT '',
	`ORG_OPTIONS` text null,
	`WORKSTATION_ID` varchar (30) NOT NULL DEFAULT '',
	`MODIFY_BY` INT(10) unsigned NOT NULL DEFAULT '0',
	`MODIFY_DATE` datetime NOT NULL DEFAULT '2000-01-01 00:00:00',
	`CREATE_BY` INT(10) unsigned NOT NULL DEFAULT '0',
	`CREATE_DATE` datetime NOT NULL DEFAULT '2000-01-01 00:00:00'
)ENGINE=InnoDB AUTO_INCREMENT=0;

CREATE INDEX `IX_ORGANIZATION` on `ORGANIZATION` (`ORG_CODE`) ;

insert into `ORGANIZATION` (`ORG_CODE`,`ORG_OPTIONS`) values('DC','<?xml version="1.0" encoding="utf-8"?><configuration><contact><name1>Default Company</name1><name2></name2><address1></address1><address2></address2><address3></address3><address4></address4><address5></address5><telno></telno><faxno></faxno><email></email><website></website></contact><setting><failcount>3</failcount><refno></refno><license></license></setting></configuration>') ;
update `ORGANIZATION` SET `ORG_ID` = 0 ;
ALTER TABLE `ORGANIZATION` AUTO_INCREMENT=1 ;

CREATE TABLE IF NOT EXISTS `USERS` (
	`USER_ID` INT(10) NOT NULL AUTO_INCREMENT PRIMARY KEY,
	`USER_NAME` varchar(20) NOT NULL DEFAULT '',
	`USER_FULL_NAME` varchar(50) NOT NULL DEFAULT '',
	`USER_GROUP` INT(10) unsigned NOT NULL DEFAULT '0',
	`USER_EMAIL` varchar(80) NOT NULL DEFAULT '',
	`USER_PWD1` varchar(40) NOT NULL DEFAULT '',
	`USER_PWD2` varchar(40) NOT NULL DEFAULT '',
	`USER_LAST_LOGIN` datetime NOT NULL DEFAULT '2000-01-01 00:00:00',
	`USER_START_DATE` datetime NOT NULL DEFAULT '2000-01-01 00:00:00',
	`USER_EXPIRY_DATE` datetime NOT NULL DEFAULT '2000-01-01 00:00:00',
	`USER_CHANGE_PWD` tinyint(1) unsigned NOT NULL DEFAULT '0',
	`USER_FAIL_COUNT` tinyint(3) unsigned NOT NULL DEFAULT '0',
	`USER_COMMENTS` text NULL,
	`BLOCKED` tinyint(1) unsigned NOT NULL DEFAULT '0',
	`ORG_ID` INT(10) unsigned NOT NULL DEFAULT '0',
	`WORKSTATION_ID` varchar(30) NOT NULL DEFAULT '',
	`MODIFY_BY` INT(10) unsigned NOT NULL DEFAULT '0',
	`MODIFY_DATE` datetime NOT NULL DEFAULT '2000-01-01 00:00:00',
	`CREATE_BY` INT(10) unsigned NOT NULL DEFAULT '0',
	`CREATE_DATE` datetime NOT NULL DEFAULT '2000-01-01 00:00:00'
)ENGINE=InnoDB AUTO_INCREMENT=1;

CREATE INDEX `IX_USERS` on `USERS` (`ORG_ID`,`USER_NAME`) ;

INSERT INTO `USERS` (`USER_NAME`,`USER_FULL_NAME`,`USER_GROUP`,`USER_START_DATE`,`USER_EXPIRY_DATE`,`USER_LAST_LOGIN`,`ORG_ID`,`USER_PWD1`,`USER_PWD2`,`USER_COMMENTS`) VALUES ('admin','administrator',1,'2000-1-1','2999-12-31 23:59:59','1969-12-31 23:59:59',0,'b5ca39df335d882848b409bc221ac465','f210389b91d7a02088b363173a7390949267aa53','') ;

CREATE TABLE IF NOT EXISTS `USER_GROUP` (
	`GROUP_ID` INT(10) NOT NULL AUTO_INCREMENT PRIMARY KEY,
	`GROUP_DESC` varchar(30) NOT NULL DEFAULT '',
	`GROUP_RIGHTS` text NULL,
	`BLOCKED` tinyint(1) unsigned NOT NULL DEFAULT '0',
	`ORG_ID` INT(10) unsigned NOT NULL DEFAULT '0',
	`WORKSTATION_ID` varchar(30) NOT NULL DEFAULT '',
	`MODIFY_BY` INT(10) unsigned NOT NULL DEFAULT '0',
	`MODIFY_DATE` datetime NOT NULL DEFAULT '2000-01-01 00:00:00',
	`CREATE_BY` INT(10) unsigned NOT NULL DEFAULT '0',
	`CREATE_DATE` datetime NOT NULL DEFAULT '2000-01-01 00:00:00'
)ENGINE=InnoDB AUTO_INCREMENT=1 ;

insert into USER_GROUP (GROUP_DESC,GROUP_RIGHTS) values('Administrator','620bba6f46f6f80ffb5d7fb0837065e764970383b3a97bfa18ac60dee607bf6232064ddcdf5540dd4aca4fc46b8c39e9a92017a8dfbde278c7d358f2e341fbf4') ;

CREATE TABLE IF NOT EXISTS `COMPANY` (
	`COY_ID` INT(10) NOT NULL AUTO_INCREMENT PRIMARY KEY,
	`COY_DESC` VARCHAR(60) NOT NULL DEFAULT '',
	`COY_OPTIONS` text NULL,
	`ORG_ID` INT(10) unsigned NOT NULL DEFAULT '0',
	`WORKSTATION_ID` varchar (30) NOT NULL DEFAULT '',
	`MODIFY_BY` INT(10) unsigned NOT NULL DEFAULT '0',
	`MODIFY_DATE` datetime NOT NULL DEFAULT '2000-01-01 00:00:00',
	`CREATE_BY` INT(10) unsigned NOT NULL DEFAULT '0',
	`CREATE_DATE` datetime NOT NULL DEFAULT '2000-01-01 00:00:00'
)ENGINE=InnoDB AUTO_INCREMENT=1;

CREATE TABLE IF NOT EXISTS `DEPARTMENT` (
	`DEPT_ID` INT(10) NOT NULL AUTO_INCREMENT PRIMARY KEY,
	`DEPT_DESC` varchar(30) NOT NULL DEFAULT '',
	`DEPT_REF` varchar(20) NOT NULL DEFAULT '',
	`ORG_ID` INT(10) unsigned NOT NULL DEFAULT '0',
	`COY_ID` INT(10) unsigned NOT NULL DEFAULT '0',
	`WORKSTATION_ID` varchar (30) NOT NULL DEFAULT '',
	`MODIFY_BY` INT(10) unsigned NOT NULL DEFAULT '0',
	`MODIFY_DATE` datetime NOT NULL DEFAULT '2000-01-01 00:00:00',
	`CREATE_BY` INT(10) unsigned NOT NULL DEFAULT '0',
	`CREATE_DATE` datetime NOT NULL DEFAULT '2000-01-01 00:00:00'
)ENGINE=InnoDB AUTO_INCREMENT=1;

CREATE TABLE IF NOT EXISTS `EMPLOYEE_TYPE` (
	`TYPE_ID` INT(10) NOT NULL AUTO_INCREMENT PRIMARY KEY,
	`TYPE_DESC` varchar(30) NOT NULL DEFAULT '',
	`TYPE_REF` varchar(20) NOT NULL DEFAULT '',
	`BLOCKED` tinyint(1) NOT NULL DEFAULT '0',
	`ORG_ID` INT(10) unsigned NOT NULL DEFAULT '0',
	`COY_ID` INT(10) unsigned NOT NULL DEFAULT '0',
	`WORKSTATION_ID` varchar(30) NOT NULL DEFAULT '',
	`MODIFY_BY` INT(10) unsigned NOT NULL DEFAULT '0',
	`MODIFY_DATE` datetime NOT NULL DEFAULT '2000-01-01 00:00:00',
	`CREATE_BY` INT(10) unsigned NOT NULL DEFAULT '0',
	`CREATE_DATE` datetime NOT NULL DEFAULT '2000-01-01 00:00:00'
)ENGINE=InnoDB AUTO_INCREMENT=1;

CREATE TABLE IF NOT EXISTS `EMPLOYEE` (
	`EMP_ID` INT(10) NOT NULL AUTO_INCREMENT PRIMARY KEY,
	`EMP_CODE` varchar(20) NOT NULL DEFAULT '',
	`EMP_NAME` varchar(50) NOT NULL DEFAULT '',
	`EMP_TYPE` INT(10) unsigned NOT NULL DEFAULT '0',
	`EMP_EMAIL` varchar(80) NOT NULL DEFAULT '',
	`EMP_DEPT` INT(10) unsigned NOT NULL DEFAULT '0',
	`EMP_DOB` datetime NOT NULL DEFAULT '2000-01-01 00:00:00',
	`EMP_JOIN_DATE` datetime NOT NULL DEFAULT '2000-01-01 00:00:00',
	`EMP_RESIGN_DATE` datetime NOT NULL DEFAULT '2000-01-01 00:00:00',
	`EMP_NATIONALITY` INT(10) unsigned NOT NULL DEFAULT '0',
	`EMP_RACE` INT(10) unsigned NOT NULL DEFAULT '0',
	`EMP_GENDER` varchar(1) NOT NULL DEFAULT '',
	`EMP_MARITAL` tinyint(1) unsigned NOT NULL DEFAULT '0',
	`EMP_ID_NO` varchar(30) NOT NULL DEFAULT '',
	`EMP_ID_TYPE` varchar(1) NOT NULL DEFAULT '',
	`EMP_COMMENTS` text NULL,
	`EMP_PHOTO` text NULL,
	`EMP_REF` varchar(20) NOT NULL DEFAULT '',
	`EMP_JOB_TITLE` INT(10) unsigned NOT NULL DEFAULT '0',
	`EMP_WORK_PERMIT` INT(10) unsigned NOT NULL DEFAULT '0',
	`BLOCKED` tinyint(1) unsigned NOT NULL DEFAULT '0',
	`COY_ID` INT(10) unsigned NOT NULL DEFAULT '0',
	`ORG_ID` INT(10) unsigned NOT NULL DEFAULT '0',
	`WORKSTATION_ID` varchar(30) NOT NULL DEFAULT '',
	`MODIFY_BY` INT(10) unsigned NOT NULL DEFAULT '0',
	`MODIFY_DATE` datetime NOT NULL DEFAULT '2000-01-01 00:00:00',
	`CREATE_BY` INT(10) unsigned NOT NULL DEFAULT '0',
	`CREATE_DATE` datetime NOT NULL DEFAULT '2000-01-01 00:00:00'
)ENGINE=InnoDB AUTO_INCREMENT=1;

CREATE TABLE IF NOT EXISTS `EMPLOYEE_PAY` (
	`PAY_EMP_ID` INT(10) unsigned NOT NULL DEFAULT '0' PRIMARY KEY,
	`PAY_FUND_LEVY` varchar(10) NOT NULL DEFAULT '0000000000',
	`PAY_VALUE` decimal(18,4) NOT NULL DEFAULT '0.0000',
	`PAY_START` DATETIME NOT NULL DEFAULT '2000-01-01 00:00:00',
	`PAY_END` DATETIME NOT NULL DEFAULT '2000-01-01 00:00:00',
	`PAY_METHOD` INT(10) unsigned NOT NULL DEFAULT '0',
	`PAY_BANK` INT(10) unsigned NOT NULL DEFAULT '0',
	`PAY_BANK_ACCT` varchar(30) NOT NULL DEFAULT '',
	`PAY_CPF_TYPE` INT(10) unsigned not null default '0',
	`PAY_CPF_NO`  varchar(20) not null default '',
	`ORG_ID` INT(10) unsigned NOT NULL DEFAULT '0',
	`COY_ID` INT(10) unsigned NOT NULL DEFAULT '0',
	`WORKSTATION_ID` varchar(30) NOT NULL DEFAULT '',
	`MODIFY_BY` INT(10) unsigned NOT NULL DEFAULT '0',
	`MODIFY_DATE` datetime NOT NULL DEFAULT '2000-01-01 00:00:00'
)ENGINE=InnoDB ;

CREATE TABLE IF NOT EXISTS `EMPLOYEE_PAY_TYPE` (
	`PAY_EMP_ID` INT(10) unsigned NOT NULL DEFAULT '0',
	`PAY_VALUE` decimal(18,4) NOT NULL DEFAULT '0.0000',
	`PAY_TYPE` INT(10) unsigned NOT NULL DEFAULT '0'
)ENGINE=InnoDB ;

CREATE INDEX `IX_EMPLOYEE_PAY_TYPE` on `EMPLOYEE_PAY_TYPE` (`PAY_EMP_ID`) ;

CREATE TABLE IF NOT EXISTS `CONTACTINFO` (
	`CONT_COY` INT(10) unsigned NOT NULL DEFAULT '0',
	`CONT_CODE` varchar(80) NOT NULL DEFAULT '',
	`CONT_ID` INT(10) unsigned NOT NULL DEFAULT '0',
	`CONT_TYPE` TINYINT(1) unsigned NOT NULL DEFAULT '0',
	`CONT_ADDR1` varchar(40) NOT NULL DEFAULT '',
	`CONT_ADDR2` varchar(40) NOT NULL DEFAULT '',
	`CONT_ADDR3` varchar(40) NOT NULL DEFAULT '',
	`CONT_ADDR4` varchar(40) NOT NULL DEFAULT '',
	`CONT_ADDR5` varchar(40) NOT NULL DEFAULT '',
	`CONT_POSTAL` varchar(20) NOT NULL DEFAULT '',
	`CONT_TEL` varchar(20) NOT NULL DEFAULT '',
	`CONT_FAX` varchar(20) NOT NULL DEFAULT '',
	`CONT_MOBILE` varchar(20) NOT NULL DEFAULT '',
	`CONT_EMAIL` varchar(250) NOT NULL DEFAULT '',
	`CONT_WEB` varchar(250) NOT NULL DEFAULT '',
	`CONT_COUNTRY` INT(10) unsigned NOT NULL DEFAULT '0'
)ENGINE=InnoDB ;

CREATE INDEX `IX_CONTACTINFO` on `CONTACTINFO` (`CONT_COY`,`CONT_CODE`,`CONT_ID`) ;

CREATE TABLE IF NOT EXISTS `LEAVE_TYPE` (
	`LEAVE_ID` INT(10) NOT NULL AUTO_INCREMENT PRIMARY KEY,
	`LEAVE_DESC` varchar(30) NOT NULL DEFAULT '',
	`BLOCKED` TINYINT(1) unsigned NOT NULL DEFAULT '0',
	`ORG_ID` INT(10) unsigned NOT NULL DEFAULT '0',
	`COY_ID` INT(10) unsigned NOT NULL DEFAULT '0',
	`WORKSTATION_ID` varchar(30) NOT NULL DEFAULT '',
	`MODIFY_BY` INT(10) unsigned NOT NULL DEFAULT '0',
	`MODIFY_DATE` datetime NOT NULL DEFAULT '2000-01-01 00:00:00',
	`CREATE_BY` INT(10) unsigned NOT NULL DEFAULT '0',
	`CREATE_DATE` datetime NOT NULL DEFAULT '2000-01-01 00:00:00'
)ENGINE=InnoDB AUTO_INCREMENT=1;

CREATE TABLE IF NOT EXISTS `NATIONALITY` (
	`NAT_ID` INT(10) NOT NULL AUTO_INCREMENT PRIMARY KEY,
	`NAT_DESC` varchar(30) NOT NULL DEFAULT '',
	`NAT_REF` varchar(10) NOT NULL DEFAULT '',
	`BLOCKED` TINYINT(1) unsigned NOT NULL DEFAULT '0',
	`ORG_ID` INT(10) unsigned NOT NULL DEFAULT '0',
	`COY_ID` INT(10) unsigned NOT NULL DEFAULT '0',
	`WORKSTATION_ID` varchar(30) NOT NULL DEFAULT '',
	`MODIFY_BY` INT(10) unsigned NOT NULL DEFAULT '0',
	`MODIFY_DATE` datetime NOT NULL DEFAULT '2000-01-01 00:00:00',
	`CREATE_BY` INT(10) unsigned NOT NULL DEFAULT '0',
	`CREATE_DATE` datetime NOT NULL DEFAULT '2000-01-01 00:00:00'
)ENGINE=InnoDB AUTO_INCREMENT=1;

insert into `NATIONALITY` (`NAT_DESC`,`NAT_REF`) values('Singapore Citizen','301'),
('Permanent Resident','300'),('Indonesian','303'),('Malaysian','304'),
('Filipino','305'),('Thai','306'),('Japanese','331'),('Taiwanese','334'),
('Chinese (China)','336'),('British','110'),('American','503'),
('Australian','701'),('New Zealander','705'),('Indian','354'),
('Vietnamese','314'),('Hong Kong','332'),('Sri Lankan','358'),('Korean, South','333');

CREATE TABLE IF NOT EXISTS `COUNTRY` (
	`COUNTRY_ID` INT(10) NOT NULL AUTO_INCREMENT PRIMARY KEY,
	`COUNTRY_DESC` varchar(30) NOT NULL DEFAULT '',
	`COUNTRY_REF` varchar(10) NOT NULL DEFAULT '',
	`BLOCKED` TINYINT(1) unsigned NOT NULL DEFAULT '0',
	`ORG_ID` INT(10) unsigned NOT NULL DEFAULT '0',
	`COY_ID` INT(10) unsigned NOT NULL DEFAULT '0',
	`WORKSTATION_ID` varchar(30) NOT NULL DEFAULT '',
	`MODIFY_BY` INT(10) unsigned NOT NULL DEFAULT '0',
	`MODIFY_DATE` datetime NOT NULL DEFAULT '2000-01-01 00:00:00',
	`CREATE_BY` INT(10) unsigned NOT NULL DEFAULT '0',
	`CREATE_DATE` datetime NOT NULL DEFAULT '2000-01-01 00:00:00'
)ENGINE=InnoDB AUTO_INCREMENT=1;

insert into `COUNTRY` (`COUNTRY_DESC`,`COUNTRY_REF`) values('Indonesia','303'),
('Malaysia','304'),('Philippines','305'),('Thailand','306'),('Japan','331'),
('Taiwan','334'),('China','336'),('United Kingdom','110'),('United States of America','503'),
('Australia','701'),('New Zealand','705'),('Hong Kong','332'),('South Korea','333'),
('Vietnam','314'),('India','354'),('Sri Lanka','358');

CREATE TABLE IF NOT EXISTS `EDUCATION` (
	`EDU_ID` INT(10) NOT NULL AUTO_INCREMENT PRIMARY KEY,
	`EDU_DESC` varchar(30) NOT NULL DEFAULT '',
	`BLOCKED` TINYINT(1) unsigned NOT NULL DEFAULT '0',
	`COY_ID` INT(10) unsigned NOT NULL DEFAULT '0',
	`ORG_ID` INT(10) unsigned NOT NULL DEFAULT '0',
	`WORKSTATION_ID` varchar(30) NOT NULL DEFAULT '',
	`MODIFY_BY` INT(10) unsigned NOT NULL DEFAULT '0',
	`MODIFY_DATE` datetime NOT NULL DEFAULT '2000-01-01 00:00:00',
	`CREATE_BY` INT(10) unsigned NOT NULL DEFAULT '0',
	`CREATE_DATE` datetime NOT NULL DEFAULT '2000-01-01 00:00:00'
)ENGINE=InnoDB AUTO_INCREMENT=1;

CREATE TABLE IF NOT EXISTS `JOB_TITLE` (
	`JOB_ID` INT(10) NOT NULL AUTO_INCREMENT PRIMARY KEY,
	`JOB_DESC` varchar(30) NOT NULL DEFAULT '',
	`BLOCKED` TINYINT(1) unsigned NOT NULL DEFAULT '0',
	`COY_ID` INT(10) unsigned NOT NULL DEFAULT '0',
	`ORG_ID` INT(10) unsigned NOT NULL DEFAULT '0',
	`WORKSTATION_ID` varchar(30) NOT NULL DEFAULT '',
	`MODIFY_BY` INT(10) unsigned NOT NULL DEFAULT '0',
	`MODIFY_DATE` datetime NOT NULL DEFAULT '2000-01-01 00:00:00',
	`CREATE_BY` INT(10) unsigned NOT NULL DEFAULT '0',
	`CREATE_DATE` datetime NOT NULL DEFAULT '2000-01-01 00:00:00'
)ENGINE=InnoDB AUTO_INCREMENT=1;

CREATE TABLE IF NOT EXISTS `PAY_TYPE` (
	`PAY_ID` INT(10) NOT NULL AUTO_INCREMENT PRIMARY KEY,
	`PAY_DESC` varchar(30) NOT NULL DEFAULT '',
	`PAY_TAX_TYPE` tinyint(1) unsigned NOT NULL DEFAULT '1',
	`PAY_WAGE_TYPE` tinyint(1) unsigned NOT NULL DEFAULT '0',
	`PAY_REF` varchar(20) NOT NULL DEFAULT '',
	`PAY_TEXT` varchar(30) NOT NULL DEFAULT '',
	`PAY_INCOME_TYPE` tinyint(1) unsigned NOT NULL DEFAULT '0',
	`BLOCKED` TINYINT(1) unsigned NOT NULL DEFAULT '0',
	`COY_ID` INT(10) unsigned NOT NULL DEFAULT '0',
	`ORG_ID` INT(10) unsigned NOT NULL DEFAULT '0',
	`WORKSTATION_ID` varchar(30) NOT NULL DEFAULT '',
	`MODIFY_BY` INT(10) unsigned NOT NULL DEFAULT '0',
	`MODIFY_DATE` datetime NOT NULL DEFAULT '2000-01-01 00:00:00',
	`CREATE_BY` INT(10) unsigned NOT NULL DEFAULT '0',
	`CREATE_DATE` datetime NOT NULL DEFAULT '2000-01-01 00:00:00'
)ENGINE=InnoDB AUTO_INCREMENT=1;

CREATE TABLE IF NOT EXISTS `CPF_TYPE` (
	`CPF_ID` INT(10) NOT NULL AUTO_INCREMENT PRIMARY KEY,
	`CPF_DESC` varchar(30) NOT NULL DEFAULT '',
	`CPF_OW_CEILING` decimal(18,4) not null default '0.0000',
	`CPF_AW_CEILING` DECIMAL(18,4) NOT NULL DEFAULT '0.0000',
	`BLOCKED` TINYINT(1) unsigned NOT NULL DEFAULT '0',
	`COY_ID` INT(10) unsigned NOT NULL DEFAULT '0',
	`ORG_ID` INT(10) unsigned NOT NULL DEFAULT '0',
	`WORKSTATION_ID` varchar(30) NOT NULL DEFAULT '',
	`MODIFY_BY` INT(10) unsigned NOT NULL DEFAULT '0',
	`MODIFY_DATE` datetime NOT NULL DEFAULT '2000-01-01 00:00:00',
	`CREATE_BY` INT(10) unsigned NOT NULL DEFAULT '0',
	`CREATE_DATE` datetime NOT NULL DEFAULT '2000-01-01 00:00:00'
)ENGINE=InnoDB AUTO_INCREMENT=1;

insert into `CPF_TYPE` (`CPF_DESC`,`CPF_OW_CEILING`,`CPF_AW_CEILING`,`ORG_ID`) VALUES ('Singapore Citizens',5000,85000,0) ,
('Permanent Residents Year 1',5000,85000,0),('Permanent Residents Year 2',5000,85000,0);

CREATE TABLE IF NOT EXISTS `CPF_AGE` (
	`AGE_ID` INT(10) NOT NULL DEFAULT '0' PRIMARY KEY,
	`AGE_DESC` varchar(30) NOT NULL DEFAULT '',
	`AGE_FROM` int(10) unsigned NOT NULL DEFAULT '0',
	`AGE_TO` INT(10) unsigned NOT NULL DEFAULT '0',
	`BLOCKED` TINYINT(1) unsigned NOT NULL DEFAULT '0',
	`COY_ID` INT(10) unsigned NOT NULL DEFAULT '0',
	`ORG_ID` INT(10) unsigned NOT NULL DEFAULT '0',
	`WORKSTATION_ID` varchar(30) NOT NULL DEFAULT '',
	`MODIFY_BY` INT(10) unsigned NOT NULL DEFAULT '0',
	`MODIFY_DATE` datetime NOT NULL DEFAULT '2000-01-01 00:00:00',
	`CREATE_BY` INT(10) unsigned NOT NULL DEFAULT '0',
	`CREATE_DATE` datetime NOT NULL DEFAULT '2000-01-01 00:00:00'
)ENGINE=InnoDB;

insert into `CPF_AGE` (`AGE_ID`,`AGE_DESC`,`AGE_FROM`,`AGE_TO`,`ORG_ID`) VALUES (1,'35 and Below',0,35,0),
(2,'36 to 50',36,50,0),(3,'51 tO 55',51,55,0),(4,'56 tO 60',56,60,0),
(5,'61 tO 65',61,65,0),(6,'66 and Above',66,9999,0);

CREATE TABLE IF NOT EXISTS `CPF_WAGE` (
	`WAGE_ID` INT(10) NOT NULL DEFAULT '0' PRIMARY KEY,
	`WAGE_DESC` varchar(30) NOT NULL DEFAULT '',
	`WAGE_FROM` decimal(18,4) NOT NULL DEFAULT '0.0000',
	`WAGE_TO` decimal(18,4) NOT NULL DEFAULT '0.0000',
	`BLOCKED` TINYINT(1) unsigned NOT NULL DEFAULT '0',
	`COY_ID` INT(10) unsigned NOT NULL DEFAULT '0',
	`ORG_ID` INT(10) unsigned NOT NULL DEFAULT '0',
	`WORKSTATION_ID` varchar(30) NOT NULL DEFAULT '',
	`MODIFY_BY` INT(10) unsigned NOT NULL DEFAULT '0',
	`MODIFY_DATE` datetime NOT NULL DEFAULT '2000-01-01 00:00:00',
	`CREATE_BY` INT(10) unsigned NOT NULL DEFAULT '0',
	`CREATE_DATE` datetime NOT NULL DEFAULT '2000-01-01 00:00:00'
)ENGINE=InnoDB ;

insert into `CPF_WAGE` (`WAGE_ID`,`WAGE_DESC`,`WAGE_FROM`,`WAGE_TO`,`ORG_ID`) VALUES (1,'$50.00 and Below',0,50,0),
(2,'$50.01 to $500.00',50.01,500,0),(3,'$500.01 to $750.00',500.01,750,0),
(4,'$750.01 to $1,200.00',750.01,1200,0),(5,'$1,200.01 to $1,500.00',1200.01,1500,0),(6,'Above $1,500.00',1500.01,9999999999.99,0) ;

CREATE TABLE IF NOT EXISTS `CPF_RATE` (
	`RATE_TYPE_ID` INT(10) NOT NULL DEFAULT '0',
	`RATE_EMP_FIX` decimal(18,4) NOT NULL DEFAULT '0.0000',
	`RATE_EMP_OFFSET` decimal(18,4) NOT NULL DEFAULT '0.0000',
	`RATE_COY_FIX` decimal(18,4) NOT NULL DEFAULT '0.0000',
	`RATE_COY_OFFSET` decimal(18,4) NOT NULL DEFAULT '0.0000',
	`RATE_EMP_CPF` decimal(18,4) NOT NULL DEFAULT '0.0000',
	`RATE_COY_CPF` decimal(18,4) NOT NULL DEFAULT '0.0000',
	`RATE_WAGE_ID` INT(10) unsigned NOT NULL DEFAULT '0',
	`RATE_AGE_ID` INT(10) unsigned NOT NULL DEFAULT '0',
	`RATE_END_DATE` datetime NOT NULL DEFAULT '2000-01-01 00:00:00',
	`RATE_START_DATE` datetime NOT NULL DEFAULT '2000-01-01 00:00:00',
	`ORG_ID` INT(10) unsigned NOT NULL DEFAULT '0'
)ENGINE=InnoDB;

CREATE INDEX `IX_CPF_RATE` on `CPF_RATE` (`RATE_TYPE_ID`,`RATE_AGE_ID`,`RATE_WAGE_ID`) ;

insert into `CPF_RATE` (`RATE_TYPE_ID`,`RATE_EMP_FIX`,`RATE_EMP_OFFSET`,`RATE_COY_FIX`,`RATE_COY_OFFSET`,`RATE_EMP_CPF`,`RATE_COY_CPF`,`RATE_WAGE_ID`,`RATE_AGE_ID`,`RATE_END_DATE`,`RATE_START_DATE`,`ORG_ID`)
values (1,0,0,0,0,0,0,1,1,'2999-12-31 23:59:59','2000-01-01 00:00:00',0),
(1,0,0,0,0,0,16,2,1,'2999-12-31 23:59:59','2000-01-01 00:00:00',0),
(1,0,500,0,0,48,16,3,1,'2999-12-31 23:59:59','2000-01-01 00:00:00',0),
(1,120,750,0,0,24,16,4,1,'2999-12-31 23:59:59','2000-01-01 00:00:00',0),
(1,120,750,0,0,24,16,5,1,'2999-12-31 23:59:59','2000-01-01 00:00:00',0),
(1,0,0,0,0,20,16,6,1,'2999-12-31 23:59:59','2000-01-01 00:00:00',0),
(1,0,0,0,0,0,0,1,2,'2999-12-31 23:59:59','2000-01-01 00:00:00',0),
(1,0,0,0,50,0,10.63,2,2,'2999-12-31 23:59:59','2000-01-01 00:00:00',0),
(1,0,500,0,50,48,10.63,3,2,'2999-12-31 23:59:59','2000-01-01 00:00:00',0),
(1,120,750,74.475,750,24,21.71,4,2,'2999-12-31 23:59:59','2000-01-01 00:00:00',0),
(1,120,750,172.20,1200,24,22.60,5,2,'2999-12-31 23:59:59','2000-01-01 00:00:00',0),
(1,0,0,0,0,20,16,6,2,'2999-12-31 23:59:59','2000-01-01 00:00:00',0),
(1,0,0,0,0,0,0,1,3,'2999-12-31 23:59:59','2000-01-01 00:00:00',0),
(1,0,0,0,50,0,7.97,2,3,'2999-12-31 23:59:59','2000-01-01 00:00:00',0),
(1,0,500,0,50,43.2,7.97,3,3,'2999-12-31 23:59:59','2000-01-01 00:00:00',0),
(1,108,750,55.80,750,21.6,15.04,4,3,'2999-12-31 23:59:59','2000-01-01 00:00:00',0),
(1,108,750,123.48,1200,21.60,18.84,5,3,'2999-12-31 23:59:59','2000-01-01 00:00:00',0),
(1,0,0,0,0,18,12,6,3,'2999-12-31 23:59:59','2000-01-01 00:00:00',0),
(1,0,0,0,0,0,0,1,4,'2999-12-31 23:59:59','2000-01-01 00:00:00',0),
(1,0,0,0,50,0,5.97,2,4,'2999-12-31 23:59:59','2000-01-01 00:00:00',0),
(1,0,500,0,50,30,5.97,3,4,'2999-12-31 23:59:59','2000-01-01 00:00:00',0),
(1,75,750,41.85,750,15,9.9,4,4,'2999-12-31 23:59:59','2000-01-01 00:00:00',0),
(1,75,750,86.40,1200,15,16.2,5,4,'2999-12-31 23:59:59','2000-01-01 00:00:00',0),
(1,0,0,0,0,12.5,9,6,4,'2999-12-31 23:59:59','2000-01-01 00:00:00',0),
(1,0,0,0,0,0,0,1,5,'2999-12-31 23:59:59','2000-01-01 00:00:00',0),
(1,0,0,0,50,0,4.31,2,5,'2999-12-31 23:59:59','2000-01-01 00:00:00',0),
(1,0,500,0,50,18,4.31,3,5,'2999-12-31 23:59:59','2000-01-01 00:00:00',0),
(1,45,750,30.225,750,9,5.41,4,5,'2999-12-31 23:59:59','2000-01-01 00:00:00',0),
(1,45,750,54.6,1200,9,14.3,5,5,'2999-12-31 23:59:59','2000-01-01 00:00:00',0),
(1,0,0,0,0,7.5,6.5,6,5,'2999-12-31 23:59:59','2000-01-01 00:00:00',0),
(1,0,0,0,0,0,0,1,6,'2999-12-31 23:59:59','2000-01-01 00:00:00',0),
(1,0,0,0,50,0,4.31,2,6,'2999-12-31 23:59:59','2000-01-01 00:00:00',0),
(1,0,500,0,50,12,4.31,3,6,'2999-12-31 23:59:59','2000-01-01 00:00:00',0),
(1,30,750,30.225,750,6,5.41,4,6,'2999-12-31 23:59:59','2000-01-01 00:00:00',0),
(1,30,750,54.6,1200,6,14.3,5,6,'2999-12-31 23:59:59','2000-01-01 00:00:00',0),
(1,0,0,0,0,5,6.5,6,6,'2999-12-31 23:59:59','2000-01-01 00:00:00',0);

CREATE TABLE IF NOT EXISTS `RACE` (
	`RACE_ID` INT(10) NOT NULL AUTO_INCREMENT PRIMARY KEY,
	`RACE_DESC` varchar(30) NOT NULL DEFAULT '',
	`BLOCKED` tinyint(1) unsigned NOT NULL DEFAULT '0',
	`COY_ID` INT(10) unsigned NOT NULL DEFAULT '0',
	`ORG_ID` INT(10) unsigned NOT NULL DEFAULT '0',
	`WORKSTATION_ID` varchar(30) NOT NULL DEFAULT '',
	`MODIFY_BY` INT(10) unsigned NOT NULL DEFAULT '0',
	`MODIFY_DATE` datetime NOT NULL DEFAULT '2000-01-01 00:00:00',
	`CREATE_BY` INT(10) unsigned NOT NULL DEFAULT '0',
	`CREATE_DATE` datetime NOT NULL DEFAULT '2000-01-01 00:00:00'
)ENGINE=InnoDB,AUTO_INCREMENT = 1;

INSERT INTO `RACE` (`RACE_DESC`,`ORG_ID`) VALUES ('Chinese',0),
('Malays',0),('Indians',0),('Eurasians',0),('Others',0);


CREATE TABLE IF NOT EXISTS `PAY_DETAIL` (
	`PAY_EMP_ID` INT(10) NOT NULL DEFAULT '0',
	`PAY_DATE` datetime not null DEFAULT '2000-01-01 00:00:00',
	`PAY_TYPE` INT(10) unsigned not NULL DEFAULT '0',
	`PAY_QTY` decimal(18,4) NOT NULL DEFAULT '0.0000',
	`PAY_VALUE` decimal(18,4) NOT NULL DEFAULT '0.0000',
	`PAY_WAGE_TYPE` TINYINT(1) unsigned NOT NULL DEFAULT '0',
	`PAY_TAX_TYPE` TINYINT(1) unsigned NOT NULL DEFAULT '0',
	`PAY_INCOME_TYPE` TINYINT(1) unsigned NOT NULL DEFAULT '0',
	`COY_ID` INT(10) unsigned NOT NULL DEFAULT '0',
	`ORG_ID` INT(10) unsigned NOT NULL DEFAULT '0',
	`PAY_ID` INT(10) unsigned NOT NULL DEFAULT '0'
)ENGINE=InnoDB ;

CREATE INDEX `IX_PAY_DETAIL` on `PAY_DETAIL` (`PAY_EMP_ID`,`PAY_DATE`)  ;

CREATE TABLE IF NOT EXISTS `PAY_HEADER` (
	`PAY_EMP_ID` INT(10) unsigned NOT NULL DEFAULT '0',
	`PAY_START` datetime not null DEFAULT '2000-01-01 00:00:00',
	`PAY_END` datetime not null DEFAULT '2900-01-01 00:00:00',
	`PAY_BASIC` decimal(18,4) NOT NULL DEFAULT '0',
	`PAY_METHOD` int(10) unsigned not null default '0',
	`PAY_INCOME` decimal(18,4) NOT NULL DEFAULT '0.0000',
	`PAY_DEDUCTION` decimal(18,4) NOT NULL DEFAULT '0.0000',
	`PAY_REF` varchar(20) NOT NULL DEFAULT '',
	`PAY_ID` INT(10) unsigned NOT NULL DEFAULT '0',
	`COY_ID` INT(10) unsigned NOT NULL DEFAULT '0',
	`ORG_ID` INT(10) unsigned NOT NULL DEFAULT '0',
	`WORKSTATION_ID` varchar(30) NOT NULL DEFAULT '',
	`MODIFY_BY` INT(10) unsigned NOT NULL DEFAULT '0',
	`MODIFY_DATE` datetime NOT NULL DEFAULT '2000-01-01 00:00:00',
	`CREATE_BY` INT(10) unsigned NOT NULL DEFAULT '0',
	`CREATE_DATE` datetime NOT NULL DEFAULT '2000-01-01 00:00:00',
	PRIMARY KEY (`PAY_EMP_ID`,`PAY_END`)
)ENGINE=InnoDB ;

CREATE TABLE IF NOT EXISTS `PAY_FUND_LEVY` (
	`PAY_EMP_ID` INT(10) unsigned NOT NULL DEFAULT '0',
	`PAY_DATE` datetime not null DEFAULT '2000-01-01 00:00:00',
	`PAY_TYPE` INT(10) unsigned not NULL DEFAULT '0',
	`PAY_AMOUNT` decimal(18,4) NOT NULL DEFAULT '0.0000',
	`PAY_ID` INT(10) unsigned NOT NULL DEFAULT '0',
	`COY_ID` INT(10) unsigned NOT NULL DEFAULT '0',
	`ORG_ID` INT(10) unsigned NOT NULL DEFAULT '0'	
)ENGINE=InnoDB ;

CREATE INDEX `IX_PAY_FUND_LEVY` on `PAY_FUND_LEVY` (`PAY_EMP_ID`,`PAY_DATE`) ;

CREATE TABLE IF NOT EXISTS `PAY_CPF` (
	`CPF_EMP_ID` INT(10) unsigned NOT NULL DEFAULT '0',
	`CPF_DATE` datetime not null DEFAULT '2000-01-01 00:00:00',
	`CPF_EMP` decimal(18,4) NOT NULL DEFAULT '0.0000',
	`CPF_COY` decimal(18,4) NOT NULL DEFAULT '0.0000',
	`CPF_OW` decimal(18,4) NOT NULL DEFAULT '0.0000',
	`CPF_AW` decimal(18,4) NOT NULL DEFAULT '0.0000',
	`CPF_AW_PAY` decimal(18,4) NOT NULL DEFAULT '0.0000',
	`CPF_OW_PAY` decimal(18,4) NOT NULL DEFAULT '0.0000',
	`CPF_REF` varchar(20) NOT NULL DEFAULT '',
	`COY_ID` INT(10) unsigned NOT NULL DEFAULT '0',
	`ORG_ID` INT(10) unsigned NOT NULL DEFAULT '0',
	PRIMARY KEY (`CPF_EMP_ID`,`CPF_DATE`)
)ENGINE=InnoDB;

CREATE TABLE IF NOT EXISTS `BANK` (
	`BANK_ID` INT(10) NOT NULL AUTO_INCREMENT PRIMARY KEY,
	`BANK_DESC` varchar(30) NOT NULL DEFAULT '',
	`BANK_FORMAT` text NULL,
	`BANK_TYPE` INT(10) unsigned NOT NULL DEFAULT '0',
	`BANK_REF` varchar(20) not null default '',
	`BANK_ACCT_NO` varchar(20) NOT NULL DEFAULT '',
	`BANK_FILE` varchar(50) not null default '',
	`BLOCKED` tinyint(1) unsigned NOT NULL DEFAULT '0',
	`COY_ID` INT(10) unsigned NOT NULL DEFAULT '0',
	`ORG_ID` INT(10) unsigned NOT NULL DEFAULT '0',
	`WORKSTATION_ID` varchar(30) NOT NULL DEFAULT '',
	`MODIFY_BY` INT(10) unsigned NOT NULL DEFAULT '0',
	`MODIFY_DATE` datetime NOT NULL DEFAULT '2000-01-01 00:00:00',
	`CREATE_BY` INT(10) unsigned NOT NULL DEFAULT '0',
	`CREATE_DATE` datetime NOT NULL DEFAULT '2000-01-01 00:00:00'
)ENGINE=InnoDB AUTO_INCREMENT=1;

CREATE TABLE IF NOT EXISTS `WORK_PERMIT` (
	`WP_ID` INT(10) NOT NULL AUTO_INCREMENT PRIMARY KEY,
	`WP_DESC` varchar(30) NOT NULL DEFAULT '',
	`WP_LEVY` decimal(18,4) NOT NULL DEFAULT '0.0000',
	`BLOCKED` tinyint(1) unsigned NOT NULL DEFAULT '0',
	`COY_ID` INT(10) unsigned NOT NULL DEFAULT '0',
	`ORG_ID` INT(10) unsigned NOT NULL DEFAULT '0',
	`WORKSTATION_ID` varchar(30) NOT NULL DEFAULT '',
	`MODIFY_BY` INT(10) unsigned NOT NULL DEFAULT '0',
	`MODIFY_DATE` datetime NOT NULL DEFAULT '2000-01-01 00:00:00',
	`CREATE_BY` INT(10) unsigned NOT NULL DEFAULT '0',
	`CREATE_DATE` datetime NOT NULL DEFAULT '2000-01-01 00:00:00'
)ENGINE=InnoDB AUTO_INCREMENT=1;

INSERT INTO `WORK_PERMIT` (`WP_DESC`,`WP_LEVY`,`ORG_ID`) VALUES ('Work Permit',0,0),
('EP - P1',0,0),('EP - P2',0,0),('EP - Q1',0,0),('S PASS',0,0);
